Date,Actual,Prediction_AE,Pred_Binary_AE
2013-01-04,0,0.4378961,0
2013-01-07,1,0.46396548,0
2013-01-08,0,0.45499694,0
2013-01-09,1,0.4440409,0
2013-01-10,0,0.45487577,0
2013-01-11,0,0.46755463,0
2013-01-14,0,0.43070143,0
2013-01-15,1,0.45832807,0
2013-01-16,0,0.48012745,0
2013-01-17,0,0.47994116,0
2013-01-18,1,0.48632744,0
2013-01-22,1,0.4801416,0
2013-01-23,0,0.4810474,0
2013-01-24,0,0.4056605,0
2013-01-25,1,0.49316067,0
2013-01-28,1,0.4905312,0
2013-01-29,0,0.5049745,1
2013-01-30,0,0.49967003,0
2013-01-31,0,0.4962501,0
2013-02-01,0,0.4888278,0
2013-02-04,1,0.46637458,0
2013-02-05,0,0.46037036,0
2013-02-06,1,0.48141012,0
2013-02-07,1,0.4929844,0
2013-02-08,1,0.49289966,0
2013-02-11,0,0.4920051,0
2013-02-12,0,0.45983022,0
2013-02-13,0,0.4802992,0
2013-02-14,0,0.47904468,0
2013-02-15,0,0.45469454,0
2013-02-19,0,0.4663726,0
2013-02-20,0,0.44902638,0
2013-02-21,1,0.4817677,0
2013-02-22,0,0.47180006,0
2013-02-25,1,0.42994094,0
2013-02-26,0,0.46909004,0
2013-02-27,0,0.46480548,0
2013-02-28,0,0.4755591,0
2013-03-01,0,0.43671796,0
2013-03-04,1,0.46532866,0
2013-03-05,0,0.48955378,0
2013-03-06,1,0.47158104,0
2013-03-07,1,0.48662573,0
2013-03-08,1,0.48937836,0
2013-03-11,0,0.4853665,0
2013-03-12,0,0.46935472,0
2013-03-13,1,0.48286358,0
2013-03-14,1,0.48641154,0
2013-03-15,1,0.47855094,0
2013-03-18,0,0.4628109,0
2013-03-19,0,0.48502293,0
2013-03-20,1,0.48650908,0
2013-03-21,1,0.4830799,0
2013-03-22,1,0.48608124,0
2013-03-25,0,0.48010746,0
2013-03-26,0,0.48685974,0
2013-03-27,0,0.46979618,0
2013-03-28,0,0.4536424,0
2013-04-01,1,0.4185437,0
2013-04-02,1,0.47480342,0
2013-04-03,0,0.4806219,0
2013-04-04,0,0.46589288,0
2013-04-05,1,0.48357755,0
2013-04-08,1,0.55492413,1
2013-04-09,1,0.5498995,1
2013-04-10,0,0.5139908,1
2013-04-11,0,0.53713274,1
2013-04-12,0,0.5579624,1
2013-04-15,1,0.5444294,1
2013-04-16,0,0.52480614,1
2013-04-17,0,0.4854073,0
2013-04-18,0,0.5447134,1
2013-04-19,1,0.5199768,1
2013-04-22,1,0.53105974,1
2013-04-23,0,0.50856084,1
2013-04-24,1,0.47887552,0
2013-04-25,1,0.57604885,1
2013-04-26,1,0.5084601,1
2013-04-29,1,0.51653814,1
2013-04-30,0,0.5205101,1
2013-05-01,1,0.53531194,1
2013-05-02,1,0.52912337,1
2013-05-03,1,0.53098786,1
2013-05-06,0,0.52290595,1
2013-05-07,1,0.52178156,1
2013-05-08,0,0.5200309,1
2013-05-09,0,0.5240817,1
2013-05-10,1,0.52346396,1
2013-05-13,0,0.5229031,1
2013-05-14,0,0.52235293,1
2013-05-15,1,0.50319844,1
2013-05-16,0,0.49446326,0
2013-05-17,1,0.5186425,1
2013-05-20,0,0.49802524,0
2013-05-21,1,0.51641214,1
2013-05-22,1,0.5288732,1
2013-05-23,1,0.5205587,1
2013-05-24,0,0.53406084,1
2013-05-28,1,0.528044,1
2013-05-29,1,0.52042913,1
2013-05-30,0,0.51261103,1
2013-05-31,1,0.522811,1
2013-06-03,0,0.5198556,1
2013-06-04,0,0.53308976,1
2013-06-05,0,0.5280596,1
2013-06-06,1,0.5225347,1
2013-06-07,0,0.51209575,1
2013-06-10,0,0.5185431,1
2013-06-11,0,0.5264578,1
2013-06-12,1,0.54443383,1
2013-06-13,0,0.52327037,1
2013-06-14,1,0.5416958,1
2013-06-17,0,0.53051186,1
2013-06-18,0,0.54414475,1
2013-06-19,0,0.53970814,1
2013-06-20,0,0.52088976,1
2013-06-21,0,0.5151293,1
2013-06-24,1,0.53533995,1
2013-06-25,0,0.5539305,1
2013-06-26,0,0.5538856,1
2013-06-27,1,0.5752363,1
2013-06-28,1,0.5010547,1
2013-07-01,1,0.52989054,1
2013-07-02,1,0.51458,1
2013-07-03,0,0.55647266,1
2013-07-05,0,0.5535581,1
2013-07-08,1,0.5036198,1
2013-07-09,0,0.5076364,1
2013-07-10,1,0.5060407,1
2013-07-11,0,0.5101044,1
2013-07-12,1,0.506256,1
2013-07-15,1,0.5098938,1
2013-07-16,1,0.5137983,1
2013-07-17,1,0.51479626,1
2013-07-18,0,0.5135962,1
2013-07-19,1,0.50276667,1
2013-07-22,0,0.5146996,1
2013-07-23,1,0.50585854,1
2013-07-24,0,0.5105862,1
2013-07-25,1,0.51143,1
2013-07-26,1,0.5165527,1
2013-07-29,1,0.5178838,1
2013-07-30,0,0.5191082,1
2013-07-31,1,0.50499207,1
2013-08-01,1,0.5146798,1
2013-08-02,1,0.51341,1
2013-08-05,0,0.51020366,1
2013-08-06,0,0.5000818,1
2013-08-07,0,0.5131562,1
2013-08-08,0,0.5127046,1
2013-08-09,1,0.5088277,1
2013-08-12,1,0.51283395,1
2013-08-13,1,0.50080943,1
2013-08-14,0,0.5000783,1
2013-08-15,1,0.5026693,1
2013-08-16,1,0.5181348,1
2013-08-19,0,0.5112443,1
2013-08-20,1,0.5024068,1
2013-08-21,1,0.5086533,1
2013-08-22,0,0.5087551,1
2013-08-23,1,0.51142645,1
2013-08-26,0,0.5063877,1
2013-08-27,1,0.50015926,1
2013-08-28,1,0.5114572,1
2013-08-29,0,0.51106894,1
2013-08-30,1,0.5099753,1
2013-09-03,1,0.5133415,1
2013-09-04,0,0.5155796,1
2013-09-05,1,0.50836444,1
2013-09-06,1,0.51462734,1
2013-09-09,0,0.5139395,1
2013-09-10,0,0.51087064,1
2013-09-11,1,0.51406294,1
2013-09-12,0,0.5071789,1
2013-09-13,0,0.50301945,1
2013-09-16,1,0.5103588,1
2013-09-17,1,0.5078695,1
2013-09-18,1,0.51098466,1
2013-09-19,0,0.50892293,1
2013-09-20,1,0.50842386,1
2013-09-23,0,0.51820827,1
2013-09-24,0,0.5028238,1
2013-09-25,1,0.50280213,1
2013-09-26,0,0.5108274,1
2013-09-27,0,0.507062,1
2013-09-30,1,0.5040684,1
2013-10-01,1,0.5069481,1
2013-10-02,0,0.50600135,1
2013-10-03,0,0.50141037,1
2013-10-04,1,0.5199815,1
2013-10-07,0,0.52148336,1
2013-10-08,1,0.5158367,1
2013-10-09,1,0.5183501,1
2013-10-10,1,0.5228298,1
2013-10-11,1,0.51784074,1
2013-10-14,1,0.5200032,1
2013-10-15,1,0.52364117,1
2013-10-16,1,0.52611464,1
2013-10-17,1,0.5247824,1
2013-10-18,1,0.52776694,1
2013-10-21,0,0.523253,1
2013-10-22,1,0.5193641,1
2013-10-23,1,0.5270426,1
2013-10-24,0,0.52430797,1
2013-10-25,1,0.5224585,1
2013-10-28,0,0.5237662,1
2013-10-29,1,0.5060986,1
2013-10-30,0,0.52018416,1
2013-10-31,0,0.51991713,1
2013-11-01,1,0.5163856,1
2013-11-04,0,0.51958823,1
2013-11-05,0,0.51991993,1
2013-11-06,0,0.5195793,1
2013-11-07,1,0.51048803,1
2013-11-08,0,0.5151926,1
2013-11-11,1,0.5138428,1
2013-11-12,1,0.51397884,1
2013-11-13,1,0.51408327,1
2013-11-14,0,0.51812166,1
2013-11-15,0,0.51708424,1
2013-11-18,1,0.51152813,1
2013-11-19,0,0.5151832,1
2013-11-20,1,0.51129854,1
2013-11-21,0,0.5158819,1
2013-11-22,1,0.5162698,1
2013-11-25,1,0.5195918,1
2013-11-26,1,0.51585114,1
2013-11-27,1,0.5252522,1
2013-11-29,0,0.5262388,1
2013-12-02,1,0.51935446,1
2013-12-03,0,0.52864933,1
2013-12-04,1,0.5239717,1
2013-12-05,0,0.5237584,1
2013-12-06,1,0.51772755,1
2013-12-09,0,0.52053875,1
2013-12-10,0,0.52027637,1
2013-12-11,0,0.5173446,1
2013-12-12,0,0.522437,1
2013-12-13,1,0.5186733,1
2013-12-16,0,0.52057016,1
2013-12-17,0,0.52002823,1
2013-12-18,0,0.50758946,1
2013-12-19,1,0.51435304,1
2013-12-20,1,0.5140565,1
2013-12-23,0,0.5234197,1
2013-12-24,0,0.51730955,1
2013-12-26,0,0.51600206,1
2013-12-27,0,0.5159378,1
2013-12-30,1,0.5105958,1
2013-12-31,0,0.51693535,1
2014-01-02,0,0.5130104,1
2014-01-03,1,0.50856614,1
2014-01-06,0,0.4989324,0
2014-01-07,1,0.49355632,0
2014-01-08,0,0.48648235,0
2014-01-09,0,0.49435523,0
2014-01-10,1,0.49157217,0
2014-01-13,1,0.49306116,0
2014-01-14,1,0.4891359,0
2014-01-15,0,0.49535558,0
2014-01-16,0,0.4955831,0
2014-01-17,1,0.5138838,1
2014-01-21,1,0.49133223,0
2014-01-22,1,0.5005044,1
2014-01-23,0,0.50119567,1
2014-01-24,1,0.5109242,1
2014-01-27,0,0.505432,1
2014-01-28,0,0.52422464,1
2014-01-29,0,0.48716298,0
2014-01-30,1,0.4853957,0
2014-01-31,1,0.47935513,0
2014-02-03,1,0.47887525,0
2014-02-04,1,0.4786717,0
2014-02-05,1,0.47900414,0
2014-02-06,1,0.47994426,0
2014-02-07,1,0.48844588,0
2014-02-10,1,0.4898283,0
2014-02-11,0,0.497537,0
2014-02-12,1,0.5047153,1
2014-02-13,0,0.5024381,1
2014-02-14,1,0.50467753,1
2014-02-18,0,0.50096905,1
2014-02-19,0,0.509516,1
2014-02-20,0,0.50265455,1
2014-02-21,1,0.5024277,1
2014-02-24,0,0.4934922,0
2014-02-25,0,0.49787033,0
2014-02-26,1,0.49811834,0
2014-02-27,0,0.49008206,0
2014-02-28,1,0.5027077,1
2014-03-03,1,0.4910322,0
2014-03-04,1,0.4933283,0
2014-03-05,0,0.49374235,0
2014-03-06,0,0.49606854,0
2014-03-07,1,0.5008415,1
2014-03-10,1,0.49603686,0
2014-03-11,1,0.507674,1
2014-03-12,0,0.5023919,1
2014-03-13,0,0.5138662,1
2014-03-14,1,0.5043007,1
2014-03-17,1,0.49545962,0
2014-03-18,0,0.49834025,0
2014-03-19,0,0.50428927,1
2014-03-20,1,0.5024002,1
2014-03-21,1,0.5133283,1
2014-03-24,1,0.50905156,1
2014-03-25,0,0.5054521,1
2014-03-26,0,0.5126196,1
2014-03-27,0,0.50166774,1
2014-03-28,0,0.5005855,1
2014-03-31,1,0.49984077,0
2014-04-01,1,0.5010072,1
2014-04-02,0,0.50513875,1
2014-04-03,0,0.5049594,1
2014-04-04,0,0.5160588,1
2014-04-07,0,0.49247694,0
2014-04-08,1,0.4932404,0
2014-04-09,0,0.50171936,1
2014-04-10,0,0.4908045,0
2014-04-11,1,0.49509776,0
2014-04-14,0,0.4948112,0
2014-04-15,1,0.49696824,0
2014-04-16,1,0.49552223,0
2014-04-17,1,0.5019978,1
2014-04-21,1,0.50082445,1
2014-04-22,0,0.49860096,0
2014-04-23,1,0.5015305,1
2014-04-24,1,0.5105306,1
2014-04-25,1,0.5077027,1
2014-04-28,0,0.5163669,1
2014-04-29,0,0.5079241,1
2014-04-30,1,0.51062053,1
2014-05-01,1,0.50657433,1
2014-05-02,1,0.5049995,1
2014-05-05,0,0.5126834,1
2014-05-06,0,0.50208163,1
2014-05-07,0,0.5025287,1
2014-05-08,0,0.50069237,1
2014-05-09,1,0.50024164,1
2014-05-12,1,0.5045314,1
2014-05-13,1,0.49796426,0
2014-05-14,0,0.4969042,0
2014-05-15,1,0.49139833,0
2014-05-16,1,0.5075371,1
2014-05-19,1,0.5048791,1
2014-05-20,1,0.49246088,0
2014-05-21,1,0.492176,0
2014-05-22,1,0.49188772,0
2014-05-23,1,0.50246614,1
2014-05-27,0,0.51132333,1
2014-05-28,1,0.49372724,0
2014-05-29,0,0.50922346,1
2014-05-30,0,0.5094039,1
2014-06-02,1,0.49660861,0
2014-06-03,1,0.5085882,1
2014-06-04,1,0.51064014,1
2014-06-05,0,0.50010514,1
2014-06-06,1,0.49678624,0
2014-06-09,1,0.51105976,1
2014-06-10,0,0.4976617,0
2014-06-11,0,0.4945802,0
2014-06-12,0,0.49047855,0
2014-06-13,1,0.48788625,0
2014-06-16,0,0.4967814,0
2014-06-17,1,0.48937714,0
2014-06-18,0,0.49034697,0
2014-06-19,0,0.48706087,0
2014-06-20,0,0.4987809,0
2014-06-23,0,0.48463005,0
2014-06-24,1,0.48822734,0
2014-06-25,1,0.4917651,0
2014-06-26,1,0.49638787,0
2014-06-27,1,0.503683,1
2014-06-30,1,0.5022514,1
2014-07-01,0,0.49462414,0
2014-07-02,1,0.48971668,0
2014-07-03,1,0.49396947,0
2014-07-07,0,0.5156876,1
2014-07-08,1,0.519339,1
2014-07-09,0,0.5166366,1
2014-07-10,1,0.51550794,1
2014-07-11,1,0.51442087,1
2014-07-14,0,0.5175949,1
2014-07-15,0,0.5161065,1
2014-07-16,0,0.5198959,1
2014-07-17,1,0.5244856,1
2014-07-18,0,0.51659286,1
2014-07-21,1,0.5172826,1
2014-07-22,1,0.5120673,1
2014-07-23,0,0.51920795,1
2014-07-24,1,0.5129671,1
2014-07-25,1,0.51474965,1
2014-07-28,0,0.517774,1
2014-07-29,0,0.5133039,1
2014-07-30,0,0.5132586,1
2014-07-31,1,0.51062554,1
2014-08-01,0,0.51530546,1
2014-08-04,0,0.514931,1
2014-08-05,0,0.51024956,1
2014-08-06,0,0.50837386,1
2014-08-07,1,0.51720715,1
2014-08-08,1,0.5140726,1
2014-08-11,0,0.51387024,1
2014-08-12,1,0.514735,1
2014-08-13,1,0.5144781,1
2014-08-14,1,0.5148046,1
2014-08-15,1,0.51539254,1
2014-08-18,1,0.5194222,1
2014-08-19,1,0.52061665,1
2014-08-20,1,0.5181969,1
2014-08-21,1,0.5140756,1
2014-08-22,1,0.51828444,1
2014-08-25,0,0.51662636,1
2014-08-26,1,0.5127404,1
2014-08-27,1,0.520045,1
2014-08-28,1,0.51838547,1
2014-08-29,1,0.5155729,1
2014-09-02,0,0.51820326,1
2014-09-03,0,0.5352255,1
2014-09-04,1,0.52185154,1
2014-09-05,0,0.5095881,1
2014-09-08,0,0.5151106,1
2014-09-09,1,0.5219259,1
2014-09-10,1,0.518437,1
2014-09-11,1,0.5108871,1
2014-09-12,0,0.5096247,1
2014-09-15,0,0.5125605,1
2014-09-16,1,0.5103235,1
2014-09-17,1,0.5145438,1
2014-09-18,0,0.51225084,1
2014-09-19,1,0.51085556,1
2014-09-22,1,0.5167389,1
2014-09-23,0,0.5179982,1
2014-09-24,0,0.5131695,1
2014-09-25,1,0.5194869,1
2014-09-26,0,0.5152451,1
2014-09-29,1,0.50445414,1
2014-09-30,0,0.5098589,1
2014-10-01,1,0.5167889,1
2014-10-02,0,0.51465106,1
2014-10-03,0,0.5094223,1
2014-10-06,0,0.43951717,0
2014-10-07,1,0.44484398,0
2014-10-08,1,0.4536016,0
2014-10-09,0,0.4627275,0
2014-10-10,0,0.468822,0
2014-10-13,0,0.4633436,0
2014-10-14,0,0.46578944,0
2014-10-15,0,0.5052677,1
2014-10-16,1,0.4594321,0
2014-10-17,1,0.44697678,0
2014-10-20,1,0.44896132,0
2014-10-21,1,0.45043012,0
2014-10-22,1,0.4766023,0
2014-10-23,1,0.48390612,0
2014-10-24,0,0.4916105,0
2014-10-27,1,0.5006784,1
2014-10-28,1,0.49440783,0
2014-10-29,0,0.5065942,1
2014-10-30,1,0.5012275,1
2014-10-31,1,0.5030031,1
2014-11-03,0,0.48918572,0
2014-11-04,1,0.4948994,0
2014-11-05,1,0.4944149,0
2014-11-06,1,0.5015975,1
2014-11-07,0,0.5066862,1
2014-11-10,1,0.5033796,1
2014-11-11,1,0.5096142,1
2014-11-12,1,0.5130118,1
2014-11-13,1,0.5135397,1
2014-11-14,0,0.49444136,0
2014-11-17,1,0.5017598,1
2014-11-18,0,0.5084903,1
2014-11-19,1,0.5001878,1
2014-11-20,1,0.49301738,0
2014-11-21,1,0.50088465,1
2014-11-24,0,0.49088815,0
2014-11-25,1,0.50530994,1
2014-11-26,0,0.48815337,0
2014-11-28,0,0.48046082,0
2014-12-01,0,0.64076054,1
2014-12-02,1,0.44509178,0
2014-12-03,0,0.41741788,0
2014-12-04,0,0.433468,0
2014-12-05,0,0.4114068,0
2014-12-08,1,0.4773329,0
2014-12-09,0,0.43148968,0
2014-12-10,0,0.44310912,0
2014-12-11,0,0.41745684,0
2014-12-12,0,0.441298,0
2014-12-15,0,0.5425327,1
2014-12-16,1,0.47094277,0
2014-12-17,1,0.40587386,0
2014-12-18,0,0.39036947,0
2014-12-19,1,0.42364222,0
2014-12-22,0,0.39938223,0
2014-12-23,0,0.38099986,0
2014-12-24,1,0.3779656,0
2014-12-26,0,0.444167,0
2014-12-29,0,0.43957657,0
2014-12-30,0,0.43999657,0
2014-12-31,0,0.45031285,0
2015-01-02,0,0.47239247,0
2015-01-05,1,0.4745161,0
2015-01-06,1,0.4321097,0
2015-01-07,1,0.39386818,0
2015-01-08,1,0.10025836,0
2015-01-09,0,0.42205337,0
2015-01-12,1,0.51370543,1
2015-01-13,0,0.44094592,0
2015-01-14,0,0.4121259,0
2015-01-15,0,0.50896597,1
2015-01-16,1,0.4664848,0
2015-01-20,1,0.23445202,0
2015-01-21,1,0.31224084,0
2015-01-22,1,0.1796184,0
2015-01-23,1,0.41318718,0
2015-01-26,0,0.49014333,0
2015-01-27,1,0.50871,1
2015-01-28,1,0.33713984,0
2015-01-29,0,0.053992577,0
2015-01-30,1,0.43250537,0
2015-02-02,1,0.25785682,0
2015-02-03,1,0.4618425,0
2015-02-04,1,0.3596914,0
2015-02-05,0,0.46663734,0
2015-02-06,1,0.4815003,0
2015-02-09,1,0.39213744,0
2015-02-10,1,0.2660768,0
2015-02-11,1,0.2650516,0
2015-02-12,1,0.43590114,0
2015-02-13,1,0.50279313,1
2015-02-17,1,0.47079682,0
2015-02-18,0,0.4793976,0
2015-02-19,1,0.5259982,1
2015-02-20,1,0.43431595,0
2015-02-23,0,0.11326124,0
2015-02-24,0,0.44190797,0
2015-02-25,1,0.50926775,1
2015-02-26,0,0.14510848,0
2015-02-27,1,0.4984695,0
2015-03-02,1,0.4428972,0
2015-03-03,0,0.4532439,0
2015-03-04,0,0.49953437,0
2015-03-05,1,0.48368192,0
2015-03-06,1,0.44030055,0
2015-03-09,0,0.319204,0
2015-03-10,0,0.47576904,0
2015-03-11,1,0.491566,0
2015-03-12,0,0.09125234,0
2015-03-13,1,0.4140134,0
2015-03-16,1,0.2891283,0
2015-03-17,1,0.32453722,0
2015-03-18,0,0.20967516,0
2015-03-19,0,0.46442443,0
2015-03-20,1,0.46148467,0
2015-03-23,0,0.4112973,0
2015-03-24,0,0.4596909,0
2015-03-25,1,0.4770724,0
2015-03-26,0,0.22216454,0
2015-03-27,1,0.44646212,0
2015-03-30,0,0.11893843,0
2015-03-31,0,0.4534409,0
2015-04-01,1,0.41445312,0
2015-04-02,1,0.3766983,0
2015-04-06,0,0.08060482,0
2015-04-07,0,0.4664831,0
2015-04-08,1,0.49496084,0
2015-04-09,1,0.49947155,0
2015-04-10,0,0.499528,0
2015-04-13,0,0.49882713,0
2015-04-14,1,0.49874467,0
2015-04-15,0,0.5010298,1
2015-04-16,0,0.5007248,1
2015-04-17,1,0.506595,1
2015-04-20,0,0.50132847,1
2015-04-21,1,0.50262606,1
2015-04-22,1,0.5028986,1
2015-04-23,1,0.50481594,1
2015-04-24,1,0.5073159,1
2015-04-27,0,0.49942526,0
2015-04-28,0,0.52163315,1
2015-04-29,0,0.50022864,1
2015-04-30,1,0.5022023,1
2015-05-01,0,0.507092,1
2015-05-04,0,0.4956013,0
2015-05-05,0,0.49580055,0
2015-05-06,1,0.5011008,1
2015-05-07,1,0.49472803,0
2015-05-08,0,0.49394378,0
2015-05-11,0,0.49235222,0
2015-05-12,1,0.49624816,0
2015-05-13,1,0.4957008,0
2015-05-14,0,0.49928614,0
2015-05-15,1,0.49885893,0
2015-05-18,0,0.5021719,1
2015-05-19,0,0.505662,1
2015-05-20,1,0.506457,1
2015-05-21,1,0.5020222,1
2015-05-22,0,0.5030407,1
2015-05-26,1,0.50638014,1
2015-05-27,0,0.5047126,1
2015-05-28,0,0.5052268,1
2015-05-29,1,0.49758992,0
2015-06-01,0,0.4992209,0
2015-06-02,1,0.4963818,0
2015-06-03,0,0.49523497,0
2015-06-04,0,0.49557266,0
2015-06-05,0,0.4938332,0
2015-06-08,0,0.49921453,0
2015-06-09,1,0.49883214,0
2015-06-10,0,0.49603835,0
2015-06-11,0,0.49481124,0
2015-06-12,0,0.49485263,0
2015-06-15,1,0.49741203,0
2015-06-16,0,0.49585223,0
2015-06-17,1,0.49480748,0
2015-06-18,0,0.49496225,0
2015-06-19,1,0.49979028,0
2015-06-22,0,0.49491444,0
2015-06-23,1,0.49428838,0
2015-06-24,0,0.49985036,0
2015-06-25,0,0.4955311,0
2015-06-26,0,0.5009045,1
2015-06-29,1,0.5010067,1
2015-06-30,1,0.4945474,0
2015-07-01,0,0.49320135,0
2015-07-02,0,0.49388352,0
2015-07-06,0,0.49694157,0
2015-07-07,0,0.50027096,1
2015-07-08,0,0.4519384,0
2015-07-09,1,0.47835228,0
2015-07-10,1,0.4915662,0
2015-07-13,0,0.4882489,0
2015-07-14,1,0.48257667,0
2015-07-15,1,0.49368903,0
2015-07-16,1,0.50325143,1
2015-07-17,1,0.503044,1
2015-07-20,0,0.50716966,1
2015-07-21,0,0.49880877,0
2015-07-22,0,0.5017912,1
2015-07-23,0,0.49004155,0
2015-07-24,0,0.48206168,0
2015-07-27,1,0.4675444,0
2015-07-28,0,0.47493526,0
2015-07-29,0,0.47455034,0
2015-07-30,0,0.46045643,0
2015-07-31,0,0.4702266,0
2015-08-03,0,0.4800147,0
2015-08-04,1,0.48826334,0
2015-08-05,1,0.5047872,1
2015-08-06,1,0.4809528,0
2015-08-07,1,0.46318108,0
2015-08-10,0,0.4963251,0
2015-08-11,1,0.4874595,0
2015-08-12,0,0.50316733,1
2015-08-13,1,0.4896174,0
2015-08-14,1,0.48778394,0
2015-08-17,0,0.4888952,0
2015-08-18,0,0.48413005,0
2015-08-19,0,0.48943302,0
2015-08-20,0,0.4905706,0
2015-08-21,0,0.47141755,0
2015-08-24,1,0.5396596,1
2015-08-25,1,0.5044975,1
2015-08-26,1,0.49689826,0
2015-08-27,1,0.49474192,0
2015-08-28,0,0.4888905,0
2015-08-31,0,0.4940833,0
2015-09-01,1,0.4804128,0
2015-09-02,0,0.49102604,0
2015-09-03,0,0.49275482,0
2015-09-04,1,0.48416856,0
2015-09-08,0,0.49135637,0
2015-09-09,1,0.49189422,0
2015-09-10,1,0.49296087,0
2015-09-11,1,0.49590164,0
2015-09-14,1,0.5036801,1
2015-09-15,1,0.49961647,0
2015-09-16,0,0.5049654,1
2015-09-17,0,0.49434865,0
2015-09-18,1,0.5003309,1
2015-09-21,0,0.5015638,1
2015-09-22,1,0.49583748,0
2015-09-23,1,0.49879166,0
2015-09-24,0,0.50203955,1
2015-09-25,0,0.49960375,0
2015-09-28,0,0.48788682,0
2015-09-29,1,0.4805798,0
2015-09-30,0,0.49547952,0
2015-10-01,1,0.4865262,0
2015-10-02,1,0.4943401,0
2015-10-05,1,0.4896841,0
2015-10-06,0,0.49827313,0
2015-10-07,0,0.5002034,1
2015-10-08,1,0.50169647,1
2015-10-09,0,0.4953592,0
2015-10-12,1,0.49702522,0
2015-10-13,0,0.49131724,0
2015-10-14,1,0.4972348,0
2015-10-15,0,0.49553397,0
2015-10-16,1,0.49668106,0
2015-10-19,1,0.4906996,0
2015-10-20,0,0.486344,0
2015-10-21,1,0.49736914,0
2015-10-22,1,0.48907384,0
2015-10-23,0,0.46501988,0
2015-10-26,0,0.49140066,0
2015-10-27,1,0.4978312,0
2015-10-28,1,0.46379232,0
2015-10-29,0,0.48813185,0
2015-10-30,1,0.4928137,0
2015-11-02,1,0.48766103,0
2015-11-03,0,0.4827876,0
2015-11-04,0,0.4984042,0
2015-11-05,1,0.49930406,0
2015-11-06,0,0.508076,1
2015-11-09,0,0.5045696,1
2015-11-10,0,0.49975988,0
2015-11-11,0,0.5077675,1
2015-11-12,0,0.50932395,1
2015-11-13,1,0.5011941,1
2015-11-16,0,0.49330106,0
2015-11-17,1,0.50708365,1
2015-11-18,1,0.5118341,1
2015-11-19,1,0.50065565,1
2015-11-20,0,0.5126495,1
2015-11-23,1,0.50480294,1
2015-11-24,0,0.5033312,1
2015-11-25,0,0.49588698,0
2015-11-27,1,0.4937468,0
2015-11-30,0,0.50033724,1
2015-12-01,0,0.4990028,0
2015-12-02,0,0.49712002,0
2015-12-03,1,0.50148237,1
2015-12-04,0,0.4809571,0
2015-12-07,0,0.49478036,0
2015-12-08,0,0.4952825,0
2015-12-09,1,0.5014013,1
2015-12-10,0,0.49923036,0
2015-12-11,0,0.4984589,0
2015-12-14,0,0.49592063,0
2015-12-15,1,0.49497616,0
2015-12-16,0,0.4958909,0
2015-12-17,0,0.49521866,0
2015-12-18,1,0.48753044,0
2015-12-21,0,0.49162778,0
2015-12-22,1,0.4975774,0
2015-12-23,0,0.4939319,0
2015-12-24,0,0.49884325,0
2015-12-28,1,0.5070807,1
2015-12-29,0,0.49284887,0
2015-12-30,0,0.49965593,0
2015-12-31,1,0.49704057,0
2016-01-04,0,0.48067483,0
2016-01-05,0,0.49442416,0
2016-01-06,0,0.55242705,1
2016-01-07,1,0.558945,1
2016-01-08,1,0.5514076,1
2016-01-11,1,0.5438184,1
2016-01-12,0,0.53988516,1
2016-01-13,1,0.5462581,1
2016-01-14,0,0.5114175,1
2016-01-15,0,0.55032617,1
2016-01-19,1,0.54459655,1
2016-01-20,0,0.5242319,1
2016-01-21,1,0.5405562,1
2016-01-22,0,0.47914135,0
2016-01-25,1,0.5294504,1
2016-01-26,0,0.5204135,1
2016-01-27,1,0.5491974,1
2016-01-28,1,0.5310138,1
2016-01-29,0,0.4993365,0
2016-02-01,0,0.5287913,1
2016-02-02,1,0.5291368,1
2016-02-03,1,0.51003784,1
2016-02-04,0,0.5182303,1
2016-02-05,1,0.52389777,1
2016-02-08,0,0.51886743,1
2016-02-09,0,0.5243777,1
2016-02-10,0,0.51766443,1
2016-02-11,1,0.52333546,1
2016-02-12,1,0.5233891,1
2016-02-16,1,0.50790566,1
2016-02-17,0,0.50944537,1
2016-02-18,0,0.50443035,1
2016-02-19,1,0.5122564,1
2016-02-22,0,0.5089194,1
2016-02-23,1,0.51292574,1
2016-02-24,1,0.5069355,1
2016-02-25,1,0.50763035,1
2016-02-26,0,0.5026196,1
2016-02-29,1,0.50785375,1
2016-03-01,1,0.49958867,0
2016-03-02,1,0.50202256,1
2016-03-03,1,0.5024829,1
2016-03-04,0,0.50463915,1
2016-03-07,0,0.50242865,1
2016-03-08,1,0.5086143,1
2016-03-09,1,0.503959,1
2016-03-10,1,0.50605947,1
2016-03-11,1,0.5029186,1
2016-03-14,1,0.5047911,1
2016-03-15,1,0.5049063,1
2016-03-16,0,0.512854,1
2016-03-17,1,0.50891423,1
2016-03-18,0,0.50627756,1
2016-03-21,1,0.5140094,1
2016-03-22,0,0.5171862,1
2016-03-23,0,0.5086665,1
2016-03-24,0,0.51174986,1
2016-03-28,1,0.5070145,1
2016-03-29,1,0.509789,1
2016-03-30,0,0.5121552,1
2016-03-31,1,0.5041897,1
2016-04-01,1,0.51300895,1
2016-04-04,0,0.5077065,1
2016-04-05,1,0.513996,1
2016-04-06,0,0.51482236,1
2016-04-07,1,0.50194454,1
2016-04-08,1,0.50965357,1
2016-04-11,1,0.5072745,1
2016-04-12,1,0.5097488,1
2016-04-13,1,0.50791544,1
2016-04-14,0,0.5066389,1
2016-04-15,0,0.49585798,0
2016-04-18,0,0.4987413,0
2016-04-19,1,0.51330805,1
2016-04-20,0,0.51657104,1
2016-04-21,0,0.5260363,1
2016-04-22,0,0.52456766,1
2016-04-25,0,0.52593267,1
2016-04-26,0,0.5254234,1
2016-04-27,0,0.48152924,0
2016-04-28,0,0.5008594,1
2016-04-29,0,0.51909125,1
2016-05-02,1,0.5362588,1
2016-05-03,0,0.54451096,1
2016-05-04,0,0.5255424,1
2016-05-05,0,0.52818,1
2016-05-06,1,0.5208702,1
2016-05-09,1,0.52452457,1
2016-05-10,0,0.5200634,1
2016-05-11,0,0.5295588,1
2016-05-12,1,0.51391155,1
2016-05-13,1,0.52537555,1
2016-05-16,0,0.51844066,1
2016-05-17,1,0.510699,1
2016-05-18,0,0.5152957,1
2016-05-19,1,0.5126233,1
2016-05-20,1,0.5181333,1
2016-05-23,1,0.5144111,1
2016-05-24,1,0.51485443,1
2016-05-25,1,0.51583076,1
2016-05-26,0,0.5132352,1
2016-05-27,0,0.51486737,1
2016-05-31,0,0.51083696,1
2016-06-01,0,0.5115726,1
2016-06-02,1,0.5113169,1
2016-06-03,1,0.5154959,1
2016-06-06,1,0.5123111,1
2016-06-07,0,0.5150341,1
2016-06-08,1,0.5149415,1
2016-06-09,0,0.5152853,1
2016-06-10,0,0.51265556,1
2016-06-13,1,0.5105995,1
2016-06-14,0,0.5167245,1
2016-06-15,1,0.5230409,1
2016-06-16,0,0.5268314,1
2016-06-17,0,0.5253496,1
2016-06-20,1,0.5262244,1
2016-06-21,0,0.5292408,1
2016-06-22,1,0.5250203,1
2016-06-23,0,0.52664423,1
2016-06-24,0,0.52253723,1
2016-06-27,1,0.5225165,1
2016-06-28,1,0.526387,1
2016-06-29,1,0.5264188,1
2016-06-30,1,0.52222824,1
2016-07-01,0,0.5208037,1
2016-07-05,1,0.52007675,1
2016-07-06,1,0.5193782,1
2016-07-07,1,0.5138348,1
2016-07-08,1,0.5146001,1
2016-07-11,1,0.5197269,1
2016-07-12,0,0.52312094,1
2016-07-13,1,0.52237666,1
2016-07-14,0,0.51241475,1
2016-07-15,1,0.52653843,1
2016-07-18,1,0.51636595,1
2016-07-19,1,0.532434,1
2016-07-20,0,0.52614415,1
2016-07-21,0,0.5220411,1
2016-07-22,0,0.5201744,1
2016-07-25,0,0.51491034,1
2016-07-26,1,0.506233,1
2016-07-27,1,0.51659024,1
2016-07-28,0,0.51752126,1
2016-07-29,1,0.53813523,1
2016-08-01,0,0.5263121,1
2016-08-02,1,0.5422803,1
2016-08-03,1,0.5335113,1
2016-08-04,1,0.54113823,1
2016-08-05,1,0.53711855,1
2016-08-08,1,0.552736,1
2016-08-09,0,0.5533509,1
2016-08-10,0,0.5404962,1
2016-08-11,1,0.53339064,1
2016-08-12,1,0.5301299,1
2016-08-15,0,0.51809824,1
2016-08-16,0,0.52695096,1
2016-08-17,0,0.5245377,1
2016-08-18,1,0.52301776,1
2016-08-19,0,0.5149877,1
2016-08-22,1,0.51622427,1
2016-08-23,0,0.508366,1
2016-08-24,0,0.5115044,1
2016-08-25,0,0.5067749,1
2016-08-26,0,0.5078552,1
2016-08-29,0,0.50329334,1
2016-08-30,1,0.50498796,1
2016-08-31,1,0.50163734,1
2016-09-01,1,0.49697688,0
2016-09-02,0,0.5024253,1
2016-09-06,1,0.50634336,1
2016-09-07,0,0.50558794,1
2016-09-08,0,0.51360464,1
2016-09-09,1,0.51280916,1
2016-09-12,1,0.49012697,0
2016-09-13,1,0.50720847,1
2016-09-14,1,0.5075307,1
2016-09-15,0,0.5135174,1
2016-09-16,0,0.5244962,1
2016-09-19,0,0.5333632,1
2016-09-20,0,0.52142763,1
2016-09-21,1,0.52475846,1
2016-09-22,0,0.5330267,1
2016-09-23,1,0.5352323,1
2016-09-26,1,0.5203396,1
2016-09-27,1,0.5233414,1
2016-09-28,0,0.51722014,1
2016-09-29,1,0.5199477,1
2016-09-30,0,0.5060468,1
2016-10-03,1,0.51277363,1
2016-10-04,1,0.5090097,1
2016-10-05,1,0.50126415,1
2016-10-06,1,0.5062323,1
2016-10-07,1,0.5122545,1
2016-10-10,1,0.51794505,1
2016-10-11,1,0.52776027,1
2016-10-12,0,0.51818764,1
2016-10-13,1,0.51903415,1
2016-10-14,0,0.5176142,1
2016-10-17,0,0.5132165,1
2016-10-18,0,0.511279,1
2016-10-19,0,0.5033045,1
2016-10-20,0,0.5033288,1
2016-10-21,1,0.5019472,1
2016-10-24,1,0.50063723,1
2016-10-25,0,0.51537466,1
2016-10-26,0,0.5124738,1
2016-10-27,0,0.49692592,0
2016-10-28,0,0.50030243,1
2016-10-31,0,0.49652404,0
2016-11-01,1,0.53373724,1
2016-11-02,0,0.4997195,0
2016-11-03,0,0.51707214,1
2016-11-04,1,0.50941277,1
2016-11-07,1,0.49715787,0
2016-11-08,0,0.48834255,0
2016-11-09,0,0.48536173,0
2016-11-10,1,0.5626707,1
2016-11-11,0,0.49595952,0
2016-11-14,1,0.5527411,1
2016-11-15,1,0.5038092,1
2016-11-16,0,0.4832367,0
2016-11-17,1,0.49620786,0
2016-11-18,1,0.49498937,0
2016-11-21,1,0.48391628,0
2016-11-22,0,0.49417502,0
2016-11-23,1,0.4934818,0
2016-11-25,0,0.49721038,0
2016-11-28,0,0.5022406,1
2016-11-29,0,0.49758703,0
2016-11-30,0,0.5003355,1
2016-12-01,1,0.49640125,0
2016-12-02,0,0.48908818,0
2016-12-05,1,0.4945506,0
2016-12-06,1,0.48741436,0
2016-12-07,1,0.48582584,0
2016-12-08,1,0.4926728,0
2016-12-09,0,0.49776608,0
2016-12-12,1,0.5044864,1
2016-12-13,0,0.5107631,1
2016-12-14,1,0.5174738,1
2016-12-15,1,0.5167687,1
2016-12-16,1,0.51429915,1
2016-12-19,1,0.516103,1
2016-12-20,1,0.5101757,1
2016-12-21,0,0.5103419,1
2016-12-22,1,0.5045421,1
2016-12-23,1,0.4941729,0
2016-12-27,0,0.4987044,0
2016-12-28,0,0.49798077,0
2016-12-29,0,0.4936116,0
2016-12-30,1,0.5000577,1
2017-01-03,0,0.48788562,0
2017-01-04,1,0.48819208,0
2017-01-05,1,0.4724474,0
2017-01-06,1,0.4522839,0
2017-01-09,1,0.4774986,0
2017-01-10,1,0.48670813,0
2017-01-11,0,0.47866344,0
2017-01-12,0,0.4835807,0
2017-01-13,1,0.4807724,0
2017-01-17,0,0.45014668,0
2017-01-18,0,0.4837867,0
2017-01-19,1,0.47578764,0
2017-01-20,1,0.47418246,0
2017-01-23,0,0.47423705,0
2017-01-24,1,0.4690369,0
2017-01-25,1,0.44397038,0
2017-01-26,1,0.47903275,0
2017-01-27,0,0.47891197,0
2017-01-30,0,0.46533212,0
2017-01-31,1,0.45907417,0
2017-02-01,0,0.3332831,0
2017-02-02,1,0.5164571,1
2017-02-03,1,0.5106988,1
2017-02-06,1,0.5012666,1
2017-02-07,1,0.4920618,0
2017-02-08,1,0.5100537,1
2017-02-09,0,0.49653098,0
2017-02-10,1,0.51765096,1
2017-02-13,1,0.5058315,1
2017-02-14,1,0.47581902,0
2017-02-15,0,0.49289295,0
2017-02-16,1,0.5041897,1
2017-02-17,1,0.49554354,0
2017-02-21,1,0.4899014,0
2017-02-22,0,0.48968932,0
2017-02-23,1,0.48954493,0
2017-02-24,1,0.47391397,0
2017-02-27,1,0.47657824,0
2017-02-28,1,0.46256468,0
2017-03-01,0,0.39863485,0
2017-03-02,1,0.4716282,0
2017-03-03,0,0.45420808,0
2017-03-06,1,0.45153263,0
2017-03-07,0,0.44789302,0
2017-03-08,0,0.4356984,0
2017-03-09,1,0.42289484,0
2017-03-10,1,0.43371284,0
2017-03-13,0,0.42820174,0
2017-03-14,1,0.42577317,0
2017-03-15,1,0.36571708,0
2017-03-16,0,0.4335207,0
2017-03-17,1,0.35301238,0
2017-03-20,0,0.43340003,0
2017-03-21,1,0.40019003,0
2017-03-22,0,0.42376536,0
2017-03-23,0,0.43212843,0
2017-03-24,1,0.42205673,0
2017-03-27,1,0.3918767,0
2017-03-28,1,0.3468225,0
2017-03-29,0,0.43793204,0
2017-03-30,0,0.4468108,0
2017-03-31,1,0.43831414,0
2017-04-03,1,0.43019718,0
2017-04-04,0,0.41717592,0
2017-04-05,0,0.4115212,0
2017-04-06,0,0.4612839,0
2017-04-07,0,0.45190758,0
2017-04-10,0,0.44184318,0
2017-04-11,1,0.44025013,0
2017-04-12,0,0.4328823,0
2017-04-13,1,0.41256675,0
2017-04-17,0,0.40784332,0
2017-04-18,0,0.3910581,0
2017-04-19,1,0.37766016,0
2017-04-20,0,0.3943799,0
2017-04-21,1,0.4013116,0
2017-04-24,1,0.42732942,0
2017-04-25,0,0.43809605,0
2017-04-26,1,0.43078822,0
2017-04-27,0,0.44834682,0
2017-04-28,1,0.4306085,0
2017-05-01,1,0.45575187,0
2017-05-02,0,0.47235477,0
2017-05-03,0,0.4663733,0
2017-05-04,1,0.46804953,0
2017-05-05,1,0.466727,0
2017-05-08,1,0.4589372,0
2017-05-09,0,0.48428845,0
2017-05-10,1,0.47257802,0
2017-05-11,1,0.4750483,0
2017-05-12,0,0.48687437,0
2017-05-15,0,0.4833539,0
2017-05-16,0,0.47704744,0
2017-05-17,1,0.44357264,0
2017-05-18,1,0.48200575,0
2017-05-19,1,0.46795413,0
2017-05-22,0,0.46236998,0
2017-05-23,0,0.4480795,0
2017-05-24,1,0.4182289,0
2017-05-25,0,0.42342094,0
2017-05-26,1,0.41155618,0
2017-05-30,0,0.41289017,0
2017-05-31,1,0.39258614,0
2017-06-01,1,0.41290784,0
2017-06-02,0,0.42127004,0
2017-06-05,1,0.42246196,0
2017-06-06,1,0.42589957,0
2017-06-07,0,0.42954612,0
2017-06-08,0,0.41649163,0
2017-06-09,0,0.51489544,1
2017-06-12,1,0.427821,0
2017-06-13,0,0.38170254,0
2017-06-14,0,0.3937655,0
2017-06-15,0,0.3852885,0
2017-06-16,1,0.4027184,0
2017-06-19,0,0.3438054,0
2017-06-20,1,0.35686147,0
2017-06-21,0,0.35053244,0
2017-06-22,1,0.3461465,0
2017-06-23,0,0.37066606,0
2017-06-26,0,0.37319282,0
2017-06-27,1,0.35648504,0
2017-06-28,0,0.36642805,0
2017-06-29,1,0.37375876,0
2017-06-30,0,0.37943906,0
2017-07-03,1,0.36369732,0
2017-07-05,0,0.36440006,0
2017-07-06,1,0.35882354,0
2017-07-07,1,0.484327,0
2017-07-10,1,0.48011145,0
2017-07-11,1,0.48406443,0
2017-07-12,1,0.4852384,0
2017-07-13,1,0.4885342,0
2017-07-14,1,0.49674532,0
2017-07-17,1,0.49624282,0
2017-07-18,1,0.49956998,0
2017-07-19,0,0.50006145,1
2017-07-20,0,0.50063205,1
2017-07-21,1,0.49610776,0
2017-07-24,1,0.49729484,0
2017-07-25,1,0.49728432,0
2017-07-26,0,0.5015564,1
2017-07-27,0,0.47444192,0
2017-07-28,0,0.4867228,0
2017-07-31,1,0.47977048,0
2017-08-01,1,0.47699514,0
2017-08-02,0,0.51201826,1
2017-08-03,1,0.496953,0
2017-08-04,1,0.49607903,0
2017-08-07,1,0.4951332,0
2017-08-08,1,0.4964977,0
2017-08-09,0,0.49915543,0
2017-08-10,1,0.47569096,0
2017-08-11,1,0.4964209,0
2017-08-14,1,0.49943435,0
2017-08-15,0,0.49984595,0
2017-08-16,0,0.49287927,0
2017-08-17,0,0.48335138,0
2017-08-18,0,0.48737094,0
2017-08-21,1,0.48265505,0
2017-08-22,1,0.4860674,0
2017-08-23,0,0.47864676,0
2017-08-24,1,0.48142916,0
2017-08-25,1,0.48142883,0
2017-08-28,1,0.48845315,0
2017-08-29,1,0.48829287,0
2017-08-30,1,0.49377692,0
2017-08-31,1,0.4958852,0
2017-09-01,0,0.49530584,0
2017-09-05,0,0.48618075,0
2017-09-06,0,0.48792824,0
2017-09-07,0,0.4828264,0
2017-09-08,1,0.48162636,0
2017-09-11,0,0.48468712,0
2017-09-12,0,0.47923243,0
2017-09-13,0,0.4849962,0
2017-09-14,1,0.4806488,0
2017-09-15,0,0.4688793,0
2017-09-18,1,0.4858515,0
2017-09-19,0,0.479706,0
2017-09-20,0,0.4701054,0
2017-09-21,0,0.49425486,0
2017-09-22,0,0.47449958,0
2017-09-25,1,0.48110497,0
2017-09-26,1,0.4831499,0
2017-09-27,0,0.48241866,0
2017-09-28,1,0.48184526,0
2017-09-29,0,0.47970128,0
2017-10-02,1,0.4842287,0
2017-10-03,0,0.48206097,0
2017-10-04,1,0.47932106,0
2017-10-05,0,0.49938935,0
2017-10-06,1,0.4978577,0
2017-10-09,1,0.49718422,0
2017-10-10,1,0.49671385,0
2017-10-11,0,0.49868828,0
2017-10-12,1,0.49725807,0
2017-10-13,1,0.49949124,0
2017-10-16,1,0.5028328,1
2017-10-17,0,0.5014757,1
2017-10-18,0,0.5001679,1
2017-10-19,1,0.49857992,0
2017-10-20,0,0.50030434,1
2017-10-23,1,0.4984629,0
2017-10-24,0,0.5002606,1
2017-10-25,1,0.49806398,0
2017-10-26,1,0.5013723,1
2017-10-27,1,0.50612056,1
2017-10-30,1,0.5077156,1
2017-10-31,0,0.5066236,1
2017-11-01,1,0.5055268,1
2017-11-02,1,0.5068844,1
2017-11-03,1,0.50959563,1
2017-11-06,1,0.5128983,1
2017-11-07,1,0.5108088,1
2017-11-08,0,0.5134839,1
2017-11-09,0,0.51039934,1
2017-11-10,0,0.50570697,1
2017-11-13,0,0.5031584,1
2017-11-14,0,0.4994619,0
2017-11-15,1,0.50132704,1
2017-11-16,0,0.5047635,1
2017-11-17,0,0.5018968,1
2017-11-20,1,0.5005806,1
2017-11-21,1,0.5037961,1
2017-11-22,1,0.50295436,1
2017-11-24,0,0.49884808,0
2017-11-27,0,0.4972861,0
2017-11-28,0,0.49823117,0
2017-11-29,1,0.50590384,1
2017-11-30,0,0.5061432,1
2017-12-01,0,0.5009762,1
2017-12-04,0,0.49685687,0
2017-12-05,0,0.49936587,0
2017-12-06,1,0.5010661,1
2017-12-07,1,0.49823952,0
2017-12-08,1,0.49733222,0
2017-12-11,0,0.5022739,1
2017-12-12,1,0.49642676,0
2017-12-13,0,0.49787614,0
2017-12-14,1,0.49734396,0
2017-12-15,1,0.5008729,1
2017-12-18,0,0.5036147,1
2017-12-19,0,0.49849713,0
2017-12-20,1,0.49798667,0
2017-12-21,0,0.4989365,0
2017-12-22,0,0.49823892,0
2017-12-26,1,0.49677992,0
2017-12-27,1,0.49863,0
2017-12-28,0,0.49807805,0
2017-12-29,1,0.49778137,0
2018-01-02,0,0.50195307,1
2018-01-03,1,0.4993346,0
2018-01-04,1,0.49972355,0
2018-01-05,0,0.5050405,1
2018-01-08,0,0.5065196,1
2018-01-09,0,0.50623333,1
2018-01-10,1,0.5018635,1
2018-01-11,1,0.50984555,1
2018-01-12,0,0.5073279,1
2018-01-16,1,0.50527346,1
2018-01-17,1,0.50839823,1
2018-01-18,0,0.5114291,1
2018-01-19,0,0.50855225,1
2018-01-22,1,0.5110382,1
2018-01-23,0,0.50498456,1
2018-01-24,0,0.5002369,1
2018-01-25,1,0.505273,1
2018-01-26,0,0.4967288,0
2018-01-29,0,0.4934336,0
2018-01-30,1,0.48265886,0
2018-01-31,1,0.49283665,0
2018-02-01,0,0.48158336,0
2018-02-02,0,0.47959194,0
2018-02-05,1,0.47461975,0
2018-02-06,0,0.45782596,0
2018-02-07,0,0.49590665,0
2018-02-08,1,0.48890263,0
2018-02-09,1,0.479712,0
2018-02-12,1,0.48564032,0
2018-02-13,1,0.50820166,1
2018-02-14,1,0.49991813,0
2018-02-15,0,0.4916591,0
2018-02-16,0,0.4995998,0
2018-02-20,0,0.504865,1
2018-02-21,1,0.50349796,1
2018-02-22,1,0.5080055,1
2018-02-23,1,0.5119179,1
2018-02-26,0,0.51185447,1
2018-02-27,0,0.5069883,1
2018-02-28,0,0.5072397,1
2018-03-01,1,0.50349593,1
2018-03-02,1,0.50931907,1
2018-03-05,0,0.5115855,1
2018-03-06,0,0.512481,1
2018-03-07,1,0.50749004,1
2018-03-08,1,0.5087279,1
2018-03-09,1,0.5104543,1
2018-03-12,0,0.5136757,1
2018-03-13,0,0.51014864,1
2018-03-14,1,0.5089967,1
2018-03-15,0,0.5119636,1
2018-03-16,0,0.5008646,1
2018-03-19,0,0.506873,1
2018-03-20,0,0.51258445,1
2018-03-21,0,0.50135016,1
2018-03-22,0,0.49637017,0
2018-03-23,1,0.50239253,1
2018-03-26,0,0.47229865,0
2018-03-27,0,0.50054777,1
2018-03-28,1,0.49370828,0
2018-03-29,0,0.49189687,0
2018-04-02,1,0.4927509,0
2018-04-03,1,0.49911314,0
2018-04-04,1,0.48419884,0
2018-04-05,0,0.50592756,1
2018-04-06,1,0.5044152,1
2018-04-09,1,0.49597797,0
2018-04-10,0,0.50072646,1
2018-04-11,1,0.4969562,0
2018-04-12,1,0.49261537,0
2018-04-13,1,0.48891938,0
2018-04-16,1,0.4900577,0
2018-04-17,0,0.4881819,0
2018-04-18,0,0.49115998,0
2018-04-19,0,0.4914935,0
2018-04-20,0,0.47756213,0
2018-04-23,0,0.51934004,1
2018-04-24,1,0.523592,1
2018-04-25,1,0.569805,1
2018-04-26,0,0.55216014,1
2018-04-27,1,0.5423723,1
2018-04-30,1,0.5435384,1
2018-05-01,1,0.5293995,1
2018-05-02,1,0.5005723,1
2018-05-03,1,0.4994089,0
2018-05-04,1,0.4919319,0
2018-05-07,1,0.49929577,0
2018-05-08,1,0.4978695,0
2018-05-09,1,0.49391547,0
2018-05-10,0,0.49721405,0
2018-05-11,0,0.48267454,0
2018-05-14,0,0.48806247,0
2018-05-15,1,0.4844291,0
2018-05-16,0,0.50217247,1
2018-05-17,0,0.5018604,1
2018-05-18,1,0.51670194,1
2018-05-21,0,0.51751477,1
2018-05-22,1,0.51331615,1
2018-05-23,0,0.5190673,1
2018-05-24,1,0.5100281,1
2018-05-25,0,0.5117516,1
2018-05-29,0,0.50845075,1
2018-05-30,0,0.50240326,1
2018-05-31,1,0.50291353,1
2018-06-01,1,0.4990246,0
2018-06-04,1,0.49322352,0
2018-06-05,1,0.49658427,0
2018-06-06,0,0.49572515,0
2018-06-07,0,0.49793535,0
2018-06-08,0,0.49922398,0
2018-06-11,1,0.4987668,0
2018-06-12,0,0.49793524,0
2018-06-13,1,0.49414164,0
2018-06-14,0,0.49459255,0
2018-06-15,0,0.503525,1
2018-06-18,0,0.5105339,1
2018-06-19,1,0.5322199,1
2018-06-20,0,0.5204449,1
2018-06-21,0,0.52250886,1
2018-06-22,0,0.5248805,1
2018-06-25,1,0.5291601,1
2018-06-26,0,0.5379474,1
2018-06-27,1,0.5302725,1
2018-06-28,0,0.5334083,1
2018-06-29,1,0.5170149,1
2018-07-02,0,0.5190315,1
2018-07-03,1,0.5027156,1
2018-07-05,1,0.5137576,1
2018-07-06,1,0.50705135,1
2018-07-09,0,0.5025759,1
2018-07-10,0,0.5026295,1
2018-07-11,1,0.5012759,1
2018-07-12,1,0.5031462,1
2018-07-13,0,0.50417817,1
2018-07-16,1,0.50719845,1
2018-07-17,0,0.5086789,1
2018-07-18,1,0.50206053,1
2018-07-19,0,0.50876224,1
2018-07-20,1,0.50624585,1
2018-07-23,1,0.50805163,1
2018-07-24,1,0.5119064,1
2018-07-25,0,0.5094831,1
2018-07-26,0,0.5068972,1
2018-07-27,0,0.4859016,0
2018-07-30,1,0.49733335,0
2018-07-31,1,0.50122285,1
2018-08-01,1,0.500059,1
2018-08-02,1,0.5138169,1
2018-08-03,1,0.5081477,1
2018-08-06,0,0.5081275,1
2018-08-07,1,0.51042163,1
2018-08-08,1,0.5180577,1
2018-08-09,0,0.5214159,1
2018-08-10,1,0.52507436,1
2018-08-13,1,0.52209616,1
2018-08-14,1,0.51690376,1
2018-08-15,1,0.52631277,1
2018-08-16,1,0.5258838,1
2018-08-17,0,0.52763844,1
2018-08-20,0,0.5222236,1
2018-08-21,1,0.51879764,1
2018-08-22,1,0.5189699,1
2018-08-23,1,0.5235242,1
2018-08-24,1,0.5247589,1
2018-08-27,1,0.52757883,1
2018-08-28,1,0.5253128,1
2018-08-29,1,0.5220431,1
2018-08-30,1,0.5225936,1
2018-08-31,1,0.51823956,1
2018-09-04,0,0.5221559,1
2018-09-05,0,0.52617276,1
2018-09-06,0,0.51695406,1
2018-09-07,0,0.51554656,1
2018-09-10,1,0.50070655,1
2018-09-11,0,0.53012466,1
2018-09-12,1,0.49832168,0
2018-09-13,0,0.5127784,1
2018-09-14,0,0.5109104,1
2018-09-17,1,0.4992748,0
2018-09-18,1,0.5093871,1
2018-09-19,1,0.50507104,1
2018-09-20,0,0.50745696,1
2018-09-21,1,0.44431698,0
2018-09-24,1,0.50959504,1
2018-09-25,0,0.5093132,1
2018-09-26,1,0.50603855,1
2018-09-27,1,0.5093148,1
2018-09-28,1,0.50752175,1
2018-10-01,1,0.5047963,1
2018-10-02,1,0.5084803,1
2018-10-03,0,0.5055576,1
2018-10-04,0,0.5070359,1
2018-10-05,0,0.5095706,1
2018-10-08,1,0.510347,1
2018-10-09,0,0.5109664,1
2018-10-10,0,0.5079627,1
2018-10-11,1,0.5080807,1
2018-10-12,0,0.50746953,1
2018-10-15,1,0.5120524,1
2018-10-16,0,0.5013286,1
2018-10-17,0,0.5171934,1
2018-10-18,1,0.51244783,1
2018-10-19,1,0.50877154,1
2018-10-22,1,0.5128709,1
2018-10-23,0,0.5128921,1
2018-10-24,1,0.5143094,1
2018-10-25,0,0.51404005,1
2018-10-26,0,0.50925887,1
2018-10-29,1,0.5365806,1
2018-10-30,1,0.51604605,1
2018-10-31,1,0.51553756,1
2018-11-01,0,0.51122344,1
2018-11-02,0,0.5037911,1
2018-11-05,1,0.52535695,1
2018-11-06,1,0.5218322,1
2018-11-07,0,0.5073711,1
2018-11-08,0,0.51733196,1
2018-11-09,0,0.5127307,1
2018-11-12,0,0.52802205,1
2018-11-13,0,0.5363302,1
2018-11-14,1,0.57036626,1
2018-11-15,1,0.55282116,1
2018-11-16,0,0.5379976,1
2018-11-19,0,0.5388218,1
2018-11-20,0,0.55954516,1
2018-11-21,0,0.5875175,1
2018-11-23,1,0.59721226,1
2018-11-26,0,0.5922806,1
2018-11-27,1,0.5741595,1
2018-11-28,0,0.5560565,1
2018-11-29,0,0.5636857,1
2018-11-30,1,0.5527667,1
2018-12-03,0,0.5510602,1
2018-12-04,0,0.51532716,1
2018-12-06,0,0.53351355,1
2018-12-07,1,0.5354661,1
2018-12-10,0,0.5424358,1
2018-12-11,1,0.5430919,1
2018-12-12,1,0.53538525,1
2018-12-13,0,0.5378047,1
2018-12-14,0,0.51433647,1
2018-12-17,1,0.55235434,1
2018-12-18,0,0.55220443,1
2018-12-19,0,0.53833926,1
2018-12-20,0,0.5443421,1
2018-12-21,0,0.5455352,1
2018-12-24,1,0.5683937,1
2018-12-26,0,0.5510453,1
2018-12-27,1,0.5649835,1
2018-12-28,1,0.5527928,1
2018-12-31,1,0.5461898,1
2019-01-02,0,0.5434483,1
2019-01-03,1,0.55818105,1
2019-01-04,0,0.5697664,1
2019-01-07,1,0.559358,1
2019-01-08,1,0.51134014,1
2019-01-09,1,0.50785315,1
2019-01-10,0,0.4984684,0
2019-01-11,0,0.50396156,1
2019-01-14,1,0.5043036,1
2019-01-15,1,0.50068486,1
2019-01-16,1,0.50039124,1
2019-01-17,1,0.49617314,0
2019-01-18,0,0.4994704,0
2019-01-22,1,0.49572432,0
2019-01-23,0,0.4986621,0
2019-01-24,1,0.5022607,1
2019-01-25,0,0.49930385,0
2019-01-28,0,0.5023142,1
2019-01-29,1,0.50105035,1
2019-01-30,1,0.5124015,1
2019-01-31,1,0.5019405,1
2019-02-01,1,0.50419873,1
2019-02-04,1,0.5041816,1
2019-02-05,1,0.49428406,0
2019-02-06,0,0.4937515,0
2019-02-07,1,0.4967066,0
2019-02-08,0,0.4982955,0
2019-02-11,1,0.4966343,0
2019-02-12,0,0.49552098,0
2019-02-13,1,0.49818078,0
2019-02-14,0,0.5001687,1
2019-02-15,1,0.49847734,0
2019-02-19,1,0.500911,1
2019-02-20,0,0.50085944,1
2019-02-21,1,0.49865147,0
2019-02-22,1,0.5005271,1
2019-02-25,1,0.4994613,0
2019-02-26,1,0.5000614,1
2019-02-27,0,0.50121236,1
2019-02-28,1,0.4967429,0
2019-03-01,1,0.49841243,0
2019-03-04,0,0.50062525,1
2019-03-05,0,0.4956239,0
2019-03-06,0,0.49577418,0
2019-03-07,1,0.49520087,0
2019-03-08,1,0.49707797,0
2019-03-11,1,0.5020254,1
2019-03-12,1,0.503509,1
2019-03-13,1,0.5030754,1
2019-03-14,1,0.5013286,1
2019-03-15,1,0.5118091,1
2019-03-18,0,0.50273293,1
2019-03-19,1,0.50153255,1
2019-03-20,1,0.5044812,1
2019-03-21,0,0.51690996,1
2019-03-22,0,0.49610063,0
2019-03-25,0,0.49885958,0
2019-03-26,1,0.49717227,0
2019-03-27,1,0.49730867,0
2019-03-28,1,0.4945709,0
2019-03-29,1,0.49596152,0
2019-04-01,1,0.4987627,0
2019-04-02,1,0.50259346,1
2019-04-03,1,0.5031576,1
2019-04-04,1,0.50341153,1
2019-04-05,1,0.50177103,1
2019-04-08,0,0.5076006,1
2019-04-09,1,0.5205042,1
2019-04-10,0,0.5250553,1
2019-04-11,0,0.515622,1
2019-04-12,1,0.52008426,1
2019-04-15,1,0.50903773,1
2019-04-16,1,0.5166574,1
2019-04-17,1,0.53603756,1
2019-04-18,1,0.51900405,1
2019-04-22,1,0.5232024,1
2019-04-23,0,0.5471654,1
2019-04-24,0,0.5263566,1
2019-04-25,0,0.5137505,1
2019-04-26,1,0.5114981,1
2019-04-29,0,0.5113026,1
2019-04-30,1,0.4787517,0
2019-05-01,0,0.5212092,1
2019-05-02,1,0.5124979,1
2019-05-03,0,0.53729403,1
2019-05-06,0,0.5328587,1
2019-05-07,1,0.4972433,0
2019-05-08,0,0.50461847,1
2019-05-09,0,0.49868953,0
2019-05-10,0,0.49255612,0
2019-05-13,1,0.48373258,0
2019-05-14,1,0.4988254,0
2019-05-15,0,0.508164,1
2019-05-16,0,0.49960083,0
2019-05-17,0,0.5070317,1
2019-05-20,1,0.5117918,1
2019-05-21,0,0.51529014,1
2019-05-22,0,0.5135956,1
2019-05-23,0,0.51164234,1
2019-05-24,0,0.51546097,1
2019-05-28,0,0.5105414,1
2019-05-29,1,0.5125257,1
2019-05-30,0,0.5118972,1
2019-05-31,0,0.52276134,1
2019-06-03,1,0.52872443,1
2019-06-04,1,0.5357574,1
2019-06-05,1,0.5316106,1
2019-06-06,1,0.54187,1
2019-06-07,1,0.5727879,1
2019-06-10,1,0.56793,1
2019-06-11,0,0.5626116,1
2019-06-12,0,0.55545676,1
2019-06-13,0,0.55528176,1
2019-06-14,1,0.54489386,1
2019-06-17,1,0.5451505,1
2019-06-18,0,0.57674205,1
2019-06-19,1,0.54233575,1
2019-06-20,0,0.55441594,1
2019-06-21,0,0.5453098,1
2019-06-24,0,0.54219806,1
2019-06-25,1,0.5267347,1
2019-06-26,0,0.5566364,1
2019-06-27,0,0.53210354,1
2019-06-28,1,0.52131283,1
2019-07-01,1,0.537602,1
2019-07-02,1,0.54208475,1
2019-07-03,0,0.54051805,1
2019-07-05,0,0.5390682,1
2019-07-08,1,0.51232564,1
2019-07-09,1,0.5212406,1
2019-07-10,0,0.5252868,1
2019-07-11,1,0.51005363,1
2019-07-12,1,0.5213524,1
2019-07-15,0,0.5287654,1
2019-07-16,0,0.5215901,1
2019-07-17,1,0.5177829,1
2019-07-18,0,0.52735686,1
2019-07-19,1,0.5030786,1
2019-07-22,1,0.5368252,1
2019-07-23,0,0.5240705,1
2019-07-24,0,0.5307857,1
2019-07-25,1,0.51199,1
2019-07-26,1,0.5223458,1
2019-07-29,0,0.5289862,1
2019-07-30,1,0.5208687,1
2019-07-31,0,0.5019726,1
2019-08-01,0,0.509286,1
2019-08-02,0,0.50352216,1
2019-08-05,1,0.48516235,0
2019-08-06,1,0.49988824,0
2019-08-07,1,0.50331676,1
2019-08-08,0,0.5081351,1
2019-08-09,0,0.5010798,1
2019-08-12,1,0.50505877,1
2019-08-13,0,0.5875047,1
2019-08-14,0,0.49193063,0
2019-08-15,1,0.49115723,0
2019-08-16,1,0.5179099,1
2019-08-19,1,0.5161726,1
2019-08-20,1,0.50577927,1
2019-08-21,0,0.510923,1
2019-08-22,0,0.50489163,1
2019-08-23,1,0.480211,0
2019-08-26,0,0.5065552,1
2019-08-27,1,0.48515156,0
2019-08-28,1,0.51227427,1
2019-08-29,0,0.5088911,1
2019-08-30,0,0.49962407,0
2019-09-03,1,0.5112728,1
2019-09-04,1,0.52195084,1
2019-09-05,0,0.5262557,1
2019-09-06,1,0.5101479,1
2019-09-09,1,0.51823795,1
2019-09-10,1,0.5551908,1
2019-09-11,0,0.6239252,1
2019-09-12,0,0.5098994,1
2019-09-13,1,0.4995575,0
2019-09-16,1,0.5289954,1
2019-09-17,1,0.5226784,1
2019-09-18,0,0.5295998,1
2019-09-19,0,0.5033051,1
2019-09-20,1,0.47792393,0
2019-09-23,0,0.5111955,1
2019-09-24,1,0.48856416,0
2019-09-25,0,0.51747876,1
2019-09-26,0,0.5097875,1
2019-09-27,1,0.50156856,1
2019-09-30,1,0.53121144,1
2019-10-01,0,0.51598215,1
2019-10-02,1,0.4956544,0
2019-10-03,1,0.52036536,1
2019-10-04,1,0.5267898,1
2019-10-07,0,0.5187586,1
2019-10-08,1,0.53583026,1
2019-10-09,1,0.532864,1
2019-10-10,1,0.53848207,1
2019-10-11,0,0.5481037,1
2019-10-14,0,0.54470956,1
2019-10-15,0,0.54703957,1
2019-10-16,1,0.5451575,1
2019-10-17,1,0.5447229,1
2019-10-18,1,0.5398223,1
2019-10-21,0,0.5407095,1
2019-10-22,1,0.5463346,1
2019-10-23,1,0.5453291,1
2019-10-24,1,0.54781234,1
2019-10-25,1,0.54811436,1
2019-10-28,0,0.5474874,1
2019-10-29,0,0.5476597,1
2019-10-30,1,0.5398618,1
2019-10-31,1,0.5311439,1
2019-11-01,1,0.5501672,1
2019-11-04,0,0.54978263,1
2019-11-05,1,0.55428004,1
2019-11-06,1,0.5533807,1
2019-11-07,1,0.55117315,1
2019-11-08,1,0.54639685,1
2019-11-11,0,0.546069,1
2019-11-12,1,0.5486314,1
2019-11-13,0,0.5484798,1
2019-11-14,1,0.54805183,1
2019-11-15,1,0.54492116,1
2019-11-18,0,0.5442777,1
2019-11-19,0,0.54539007,1
2019-11-20,0,0.5421558,1
2019-11-21,0,0.5389451,1
2019-11-22,1,0.53531706,1
2019-11-25,0,0.53191173,1
2019-11-26,1,0.53944755,1
2019-11-27,0,0.53676903,1
2019-11-29,0,0.53979623,1
2019-12-02,0,0.539525,1
2019-12-03,1,0.53136575,1
2019-12-04,1,0.5251596,1
2019-12-05,1,0.5265695,1
2019-12-06,0,0.5292141,1
2019-12-09,1,0.52786076,1
2019-12-10,1,0.5236267,1
2019-12-11,1,0.5343873,1
2019-12-12,1,0.52307963,1
2019-12-13,1,0.5288253,1
2019-12-16,1,0.54075485,1
2019-12-17,0,0.54721844,1
2019-12-18,1,0.5469841,1
2019-12-19,0,0.54576355,1
2019-12-20,1,0.5366069,1
2019-12-23,1,0.5429969,1
2019-12-24,1,0.544314,1
2019-12-26,0,0.55448055,1
2019-12-27,1,0.5512749,1
2019-12-30,1,0.548039,1
2019-12-31,1,0.54676485,1
2020-01-02,0,0.5572315,1
2020-01-03,1,0.55391216,1
2020-01-06,0,0.5536053,1
2020-01-07,1,0.550306,1
2020-01-08,1,0.530339,1
2020-01-09,1,0.5307894,1
2020-01-10,1,0.51025873,1
2020-01-13,0,0.5284295,1
2020-01-14,0,0.4906347,0
2020-01-15,1,0.50630575,1
2020-01-16,1,0.5306646,1
2020-01-17,0,0.52151424,1
2020-01-21,1,0.49502724,0
2020-01-22,1,0.50611115,1
2020-01-23,0,0.5122813,1
2020-01-24,0,0.4806633,0
2020-01-27,1,0.42669266,0
2020-01-28,1,0.47479266,0
2020-01-29,0,0.47080928,0
2020-01-30,0,0.49691084,0
2020-01-31,0,0.4449038,0
2020-02-03,1,0.43138516,0
2020-02-04,1,0.46584558,0
2020-02-05,1,0.46505854,0
2020-02-06,0,0.47773144,0
2020-02-07,1,0.48180637,0
2020-02-10,0,0.49027917,0
2020-02-11,1,0.4619495,0
2020-02-12,0,0.4623826,0
2020-02-13,1,0.46033606,0
2020-02-14,0,0.4826664,0
2020-02-18,1,0.3605432,0
2020-02-19,0,0.47723785,0
2020-02-20,0,0.41977766,0
2020-02-21,0,0.41622016,0
2020-02-24,0,0.34864345,0
2020-02-25,1,0.5637044,1
2020-02-26,0,0.3626467,0
2020-02-27,0,0.57843155,1
2020-02-28,1,0.04127032,0
2020-03-02,0,0.069699205,0
2020-03-03,1,0.42666057,0
2020-03-04,0,0.4382566,0
2020-03-05,0,0.43795082,0
2020-03-06,0,0.31327212,0
2020-03-09,1,0.23898709,0
2020-03-10,0,0.11441391,0
2020-03-11,0,0.37308285,0
2020-03-12,1,0.26684046,0
2020-03-13,0,0.031908203,0
2020-03-16,1,0.32963783,0
2020-03-17,0,0.10300068,0
2020-03-18,0,0.21988952,0
2020-03-19,0,0.36950025,0
2020-03-20,0,0.35578468,0
2020-03-23,1,0.38154945,0
2020-03-24,0,0.060224354,0
2020-03-25,1,0.25484094,0
2020-03-26,0,0.3159756,0
2020-03-27,1,0.32536772,0
2020-03-30,0,0.5769225,1
2020-03-31,0,0.3100209,0
2020-04-01,1,0.32630664,0
2020-04-02,0,0.25487962,0
2020-04-03,1,0.4791819,0
2020-04-06,0,0.31344226,0
2020-04-07,1,0.26892048,0
2020-04-08,1,0.50080055,1
2020-04-09,1,0.5010144,1
2020-04-13,1,0.51825875,1
2020-04-14,0,0.5196495,1
2020-04-15,1,0.5090208,1
2020-04-16,0,0.49581206,0
2020-04-17,0,0.4793424,0
2020-04-20,0,0.48945525,0
2020-04-21,1,0.45099038,0
2020-04-22,0,0.50573087,1
2020-04-23,1,0.4985648,0
2020-04-24,1,0.5078584,1
2020-04-27,0,0.50659215,1
2020-04-28,1,0.48269808,0
2020-04-29,1,0.51957047,1
2020-04-30,0,0.529168,1
2020-05-01,1,0.49052688,0
2020-05-04,1,0.5251348,1
2020-05-05,1,0.5268295,1
2020-05-06,1,0.5216167,1
2020-05-07,1,0.5221485,1
2020-05-08,1,0.5465938,1
2020-05-11,0,0.55091834,1
2020-05-12,0,0.4881591,0
2020-05-13,1,0.4809837,0
2020-05-14,0,0.5229559,1
2020-05-15,1,0.5174644,1
2020-05-18,0,0.51934564,1
2020-05-19,1,0.5086752,1
2020-05-20,0,0.5317023,1
2020-05-21,1,0.50802666,1
2020-05-22,0,0.5310485,1
2020-05-26,1,0.48731855,0
2020-05-27,1,0.52198994,1
2020-05-28,0,0.51446414,1
2020-05-29,1,0.5144459,1
2020-06-01,1,0.5250521,1
2020-06-02,1,0.52466583,1
2020-06-03,0,0.52202874,1
2020-06-04,1,0.5183944,1
2020-06-05,1,0.5383435,1
2020-06-08,1,0.5317237,1
2020-06-09,1,0.54697126,1
2020-06-10,0,0.54769874,1
2020-06-11,1,0.45378533,0
2020-06-12,1,0.48368546,0
2020-06-15,1,0.53039885,1
2020-06-16,0,0.5111562,1
2020-06-17,1,0.5093769,1
2020-06-18,0,0.51684827,1
2020-06-19,1,0.46627444,0
2020-06-22,1,0.53176737,1
2020-06-23,0,0.500036,1
2020-06-24,1,0.48009256,0
2020-06-25,0,0.526296,1
2020-06-26,1,0.45670888,0
2020-06-29,1,0.5259514,1
2020-06-30,0,0.5164274,1
2020-07-01,0,0.5118426,1
2020-07-02,1,0.5050422,1
2020-07-06,0,0.52981377,1
2020-07-07,1,0.5097503,1
2020-07-08,1,0.5317399,1
2020-07-09,1,0.46784422,0
2020-07-10,0,0.47499672,0
2020-07-13,1,0.46690693,0
2020-07-14,1,0.39890072,0
2020-07-15,0,0.4534152,0
2020-07-16,0,0.46896914,0
2020-07-17,1,0.47132963,0
2020-07-20,0,0.40658313,0
2020-07-21,1,0.47704962,0
2020-07-22,0,0.46205717,0
2020-07-23,0,0.53073883,1
2020-07-24,1,0.42788127,0
2020-07-27,0,0.44968793,0
2020-07-28,1,0.4893012,0
2020-07-29,1,0.45635125,0
2020-07-30,1,0.43503794,0
2020-07-31,1,0.46738347,0
2020-08-03,1,0.4373319,0
2020-08-04,1,0.45410767,0
2020-08-05,1,0.44086716,0
2020-08-06,0,0.33652142,0
2020-08-07,1,0.39623865,0
2020-08-10,0,0.31619605,0
2020-08-11,1,0.40888467,0
2020-08-12,1,0.2804664,0
2020-08-13,0,0.30918884,0
2020-08-14,0,0.38635388,0
2020-08-17,1,0.40591875,0
2020-08-18,1,0.38051808,0
2020-08-19,1,0.38988212,0
2020-08-20,1,0.33256468,0
2020-08-21,1,0.17579158,0
2020-08-24,0,0.347084,0
2020-08-25,1,0.34624502,0
2020-08-26,0,0.32954913,0
2020-08-27,0,0.3529123,0
2020-08-28,1,0.34974846,0
2020-08-31,1,0.19615966,0
2020-09-01,0,0.22091061,0
2020-09-02,0,0.37592772,0
2020-09-03,1,0.4610347,0
2020-09-04,0,0.12704866,0
2020-09-08,1,0.3647926,0
2020-09-09,0,0.26689008,0
2020-09-10,0,0.45358416,0
2020-09-11,1,0.40713808,0
2020-09-14,1,0.35341358,0
2020-09-15,0,0.44024768,0
2020-09-16,0,0.47785065,0
2020-09-17,0,0.44289944,0
2020-09-18,1,0.49870744,0
2020-09-21,1,0.178948,0
2020-09-22,0,0.4431346,0
2020-09-23,1,0.5023874,1
2020-09-24,1,0.3524504,0
2020-09-25,1,0.34177792,0
2020-09-28,0,0.47314534,0
2020-09-29,1,0.49117947,0
2020-09-30,1,0.42071006,0
2020-10-01,0,0.4915453,0
2020-10-02,1,0.48328084,0
2020-10-05,0,0.47312203,0
2020-10-06,1,0.49630994,0
2020-10-07,0,0.5127841,1
2020-10-08,1,0.51629865,1
2020-10-09,1,0.5037037,1
2020-10-12,0,0.35829592,0
2020-10-13,1,0.49951652,0
2020-10-14,0,0.5024824,1
2020-10-15,0,0.49635935,0
2020-10-16,0,0.50914633,1
2020-10-19,1,0.51451254,1
2020-10-20,0,0.48684016,0
2020-10-21,0,0.5009588,1
2020-10-22,0,0.50554657,1
2020-10-23,1,0.5076908,1
2020-10-26,1,0.49047637,0
2020-10-27,0,0.49675852,0
2020-10-28,1,0.52317417,1
2020-10-29,0,0.4563362,0
2020-10-30,0,0.5220733,1
2020-11-02,1,0.49954823,0
2020-11-03,1,0.48891982,0
2020-11-04,1,0.4769941,0
2020-11-05,0,0.49034575,0
2020-11-06,0,0.50877464,1
2020-11-09,0,0.5147383,1
2020-11-10,1,0.5098622,1
2020-11-11,0,0.48868182,0
2020-11-12,1,0.5191637,1
2020-11-13,1,0.51359135,1
2020-11-16,0,0.49537146,0
2020-11-17,0,0.5132489,1
2020-11-18,1,0.515368,1
2020-11-19,0,0.5054079,1
2020-11-20,0,0.51493573,1
2020-11-23,1,0.52606404,1
2020-11-24,1,0.49611196,0
2020-11-25,1,0.50525945,1
2020-11-27,1,0.5066422,1
2020-11-30,1,0.45020556,0
2020-12-01,1,0.49614197,0
2020-12-02,0,0.505583,1
2020-12-03,0,0.51332724,1
2020-12-04,1,0.5144762,1
2020-12-07,1,0.50278556,1
2020-12-08,0,0.50300264,1
2020-12-09,1,0.51120394,1
2020-12-10,0,0.48932013,0
2020-12-11,0,0.51101446,1
2020-12-14,1,0.51469857,1
2020-12-15,0,0.47000906,0
2020-12-16,1,0.51488376,1
2020-12-17,0,0.51237905,1
2020-12-18,1,0.5067978,1
2020-12-21,1,0.48699644,0
2020-12-22,0,0.46640402,0
2020-12-23,1,0.51049817,1
2020-12-24,1,0.50214994,1
2020-12-28,0,0.42943928,0
2020-12-29,0,0.49172986,0
2020-12-30,0,0.51022387,1
2020-12-31,0,0.50936115,1
2021-01-04,1,0.50846446,1
2021-01-05,0,0.49946463,0
2021-01-06,1,0.50954103,1
2021-01-07,1,0.5246453,1
2021-01-08,0,0.527007,1
2021-01-11,0,0.52422285,1
2021-01-12,1,0.5216322,1
2021-01-13,0,0.5240948,1
2021-01-14,0,0.52563965,1
2021-01-15,1,0.525686,1
2021-01-19,1,0.5309372,1
2021-01-20,1,0.522423,1
2021-01-21,1,0.52397484,1
2021-01-22,1,0.5211501,1
2021-01-25,1,0.5145135,1
2021-01-26,0,0.5247673,1
2021-01-27,0,0.52164817,1
2021-01-28,0,0.52112895,1
2021-01-29,1,0.52439094,1
2021-02-01,1,0.52723634,1
2021-02-02,0,0.5333164,1
2021-02-03,1,0.52991295,1
2021-02-04,0,0.52779627,1
2021-02-05,1,0.526757,1
2021-02-08,0,0.5270437,1
2021-02-09,0,0.5270212,1
2021-02-10,0,0.52636826,1
2021-02-11,1,0.52871346,1
2021-02-12,0,0.53416336,1
2021-02-16,0,0.5293782,1
2021-02-17,0,0.5330384,1
2021-02-18,1,0.53263,1
2021-02-19,0,0.53027415,1
2021-02-22,0,0.52529263,1
2021-02-23,0,0.50503826,1
2021-02-24,0,0.51619804,1
2021-02-25,1,0.5283458,1
2021-02-26,1,0.51577795,1
2021-03-01,0,0.47734872,0
2021-03-02,0,0.52493596,1
2021-03-03,0,0.522745,1
2021-03-04,1,0.518268,1
2021-03-05,0,0.50762975,1
2021-03-08,1,0.533455,1
2021-03-09,0,0.4894489,0
2021-03-10,1,0.521567,1
2021-03-11,0,0.52884626,1
2021-03-12,1,0.5262196,1
2021-03-15,1,0.5123263,1
2021-03-16,0,0.53157234,1
2021-03-17,0,0.5283412,1
2021-03-18,0,0.54073286,1
2021-03-19,1,0.536128,1
2021-03-22,0,0.51747406,1
2021-03-23,0,0.53441095,1
2021-03-24,1,0.53699875,1
2021-03-25,1,0.5252882,1
2021-03-26,1,0.5286573,1
2021-03-29,0,0.5321528,1
2021-03-30,1,0.53631496,1
2021-03-31,1,0.52887243,1
2021-04-01,1,0.5315844,1
2021-04-05,1,0.52273524,1
2021-04-06,1,0.5299101,1
2021-04-07,1,0.52186906,1
2021-04-08,1,0.52429974,1
2021-04-09,0,0.525123,1
2021-04-12,1,0.51412535,1
2021-04-13,0,0.52020574,1
2021-04-14,1,0.51535237,1
2021-04-15,0,0.5147213,1
2021-04-16,1,0.5127524,1
2021-04-19,0,0.5149073,1
2021-04-20,1,0.512497,1
2021-04-21,0,0.5119052,1
2021-04-22,1,0.51062024,1
2021-04-23,1,0.5119865,1
2021-04-26,0,0.50938535,1
2021-04-27,0,0.5086963,1
2021-04-28,0,0.50647724,1
2021-04-29,0,0.51162267,1
2021-04-30,1,0.50381315,1
2021-05-03,0,0.50300205,1
2021-05-04,1,0.5120926,1
2021-05-05,1,0.49962878,0
2021-05-06,1,0.5013898,1
2021-05-07,0,0.50072944,1
2021-05-10,0,0.506035,1
2021-05-11,0,0.50333995,1
2021-05-12,1,0.5082822,1
2021-05-13,1,0.50373936,1
2021-05-14,0,0.5067065,1
2021-05-17,0,0.508731,1
2021-05-18,0,0.5073441,1
2021-05-19,1,0.50673044,1
2021-05-20,0,0.51024693,1
2021-05-21,1,0.5096943,1
2021-05-24,0,0.5078988,1
2021-05-25,0,0.5073522,1
2021-05-26,0,0.5039717,1
2021-05-27,0,0.5067446,1
2021-05-28,0,0.5044561,1
2021-06-01,1,0.5033497,1
2021-06-02,0,0.5049108,1
2021-06-03,1,0.5041734,1
2021-06-04,1,0.5089325,1
2021-06-07,1,0.50577736,1
2021-06-08,1,0.50918067,1
2021-06-09,0,0.5067607,1
2021-06-10,1,0.50945663,1
2021-06-11,1,0.50689673,1
2021-06-14,0,0.51807666,1
2021-06-15,1,0.5065753,1
2021-06-16,1,0.51257557,1
2021-06-17,0,0.5160303,1
2021-06-18,1,0.5089617,1
2021-06-21,1,0.5115019,1
2021-06-22,0,0.511292,1
2021-06-23,0,0.5068351,1
2021-06-24,0,0.50906056,1
2021-06-25,1,0.5082908,1
2021-06-28,1,0.5101578,1
2021-06-29,1,0.51157176,1
2021-06-30,1,0.51036,1
2021-07-01,1,0.5094924,1
2021-07-02,1,0.5159776,1
2021-07-06,1,0.5181824,1
2021-07-07,0,0.5170792,1
2021-07-08,1,0.51469135,1
2021-07-09,0,0.50309014,1
2021-07-12,1,0.5020261,1
2021-07-13,1,0.50045633,1
2021-07-14,0,0.50542474,1
2021-07-15,0,0.5044671,1
2021-07-16,0,0.502823,1
2021-07-19,1,0.49488863,0
2021-07-20,0,0.5020291,1
2021-07-21,1,0.49966177,0
2021-07-22,1,0.4999151,0
2021-07-23,1,0.500425,1
2021-07-26,0,0.49864113,0
2021-07-27,0,0.49118298,0
2021-07-28,1,0.4959866,0
2021-07-29,1,0.49646372,0
2021-07-30,0,0.48625848,0
2021-08-02,1,0.4870499,0
2021-08-03,0,0.49421114,0
2021-08-04,1,0.49232814,0
2021-08-05,0,0.49114522,0
2021-08-06,0,0.48760495,0
2021-08-09,0,0.48929748,0
2021-08-10,1,0.4887772,0
2021-08-11,1,0.49664813,0
2021-08-12,1,0.5015681,1
2021-08-13,1,0.5022179,1
2021-08-16,0,0.50193703,1
2021-08-17,0,0.50419784,1
2021-08-18,1,0.48652834,0
2021-08-19,1,0.49684384,0
2021-08-20,1,0.49874634,0
2021-08-23,0,0.49870893,0
2021-08-24,0,0.4977212,0
2021-08-25,0,0.48583454,0
2021-08-26,1,0.49279723,0
2021-08-27,1,0.49777532,0
2021-08-30,0,0.5060563,1
2021-08-31,1,0.50400126,1
2021-09-01,1,0.5014137,1
2021-09-02,1,0.49875185,0
2021-09-03,1,0.49754438,0
2021-09-07,0,0.49976993,0
2021-09-08,0,0.49950582,0
2021-09-09,0,0.49917307,0
2021-09-10,1,0.4517974,0
2021-09-13,0,0.5011799,1
2021-09-14,1,0.4919065,0
2021-09-15,0,0.49672753,0
2021-09-16,0,0.4878375,0
2021-09-17,0,0.47323284,0
2021-09-20,1,0.48887664,0
2021-09-21,1,0.49173898,0
2021-09-22,1,0.49045217,0
2021-09-23,1,0.4873388,0
2021-09-24,0,0.48880446,0
2021-09-27,0,0.48516467,0
2021-09-28,1,0.48854452,0
2021-09-29,0,0.5019276,1
2021-09-30,1,0.49631312,0
2021-10-01,0,0.49888778,0
2021-10-04,1,0.49431485,0
2021-10-05,1,0.50060755,1
2021-10-06,1,0.49807662,0
2021-10-07,0,0.44655168,0
2021-10-08,0,0.46746054,0
2021-10-11,0,0.45503744,0
2021-10-12,0,0.48054117,0
2021-10-13,1,0.4706119,0
2021-10-14,1,0.4322884,0
2021-10-15,1,0.43550986,0
2021-10-18,1,0.44120094,0
2021-10-19,1,0.43226507,0
2021-10-20,1,0.42132497,0
2021-10-21,0,0.42498767,0
2021-10-22,0,0.43055838,0
2021-10-25,1,0.4297919,0
2021-10-26,0,0.44314018,0
2021-10-27,1,0.44204652,0
2021-10-28,0,0.44739613,0
2021-10-29,0,0.4634694,0
2021-11-01,1,0.45204824,0
2021-11-02,1,0.4444182,0
2021-11-03,0,0.43338713,0
2021-11-04,1,0.45449963,0
2021-11-05,0,0.4550393,0
2021-11-08,1,0.4572469,0
2021-11-09,0,0.44931787,0
2021-11-10,0,0.4926289,0
2021-11-11,1,0.47626412,0
2021-11-12,1,0.45860907,0
2021-11-15,1,0.46375152,0
2021-11-16,1,0.44686696,0
2021-11-17,1,0.4522932,0
2021-11-18,1,0.4648072,0
2021-11-19,1,0.44341737,0
2021-11-22,1,0.44348398,0
2021-11-23,1,0.41400066,0
2021-11-24,0,0.39494857,0
2021-11-26,1,0.45274866,0
2021-11-29,1,0.4126847,0
2021-11-30,0,0.4248459,0
2021-12-01,0,0.46240923,0
2021-12-02,0,0.43829283,0
2021-12-03,1,0.4607286,0
2021-12-06,1,0.4191649,0
2021-12-07,1,0.40672994,0
2021-12-08,0,0.41786632,0
2021-12-09,1,0.42719284,0
2021-12-10,0,0.40350166,0
2021-12-13,0,0.4789329,0
2021-12-14,1,0.46501645,0
2021-12-15,0,0.43607888,0
2021-12-16,0,0.50388503,1
2021-12-17,0,0.452168,0
2021-12-20,1,0.4181085,0
2021-12-21,1,0.4177875,0
2021-12-22,1,0.41267768,0
2021-12-23,1,0.4092256,0
2021-12-27,0,0.41887704,0
2021-12-28,1,0.43281022,0
2021-12-29,0,0.41499186,0
2021-12-30,0,0.4356422,0
2021-12-31,1,0.43789333,0
2022-01-03,0,0.44579345,0
2022-01-04,0,0.45652217,0
2022-01-05,0,0.4830782,0
2022-01-06,1,0.48573634,0
2022-01-07,1,0.47816747,0
2022-01-10,1,0.4575321,0
2022-01-11,1,0.46273,0
2022-01-12,0,0.47957546,0
2022-01-13,1,0.5082505,1
2022-01-14,0,0.47266987,0
2022-01-18,0,0.5050517,1
2022-01-19,0,0.5195922,1
2022-01-20,0,0.5111684,1
2022-01-21,0,0.5188741,1
2022-01-24,0,0.50952977,1
2022-01-25,0,0.4988835,0
2022-01-26,0,0.52452195,1
2022-01-27,1,0.5239799,1
2022-01-28,1,0.41211557,0
2022-01-31,0,0.4267028,0
2022-02-01,1,0.46673316,0
2022-02-02,0,0.4624991,0
2022-02-03,0,0.48093045,0
2022-02-04,0,0.46279418,0
2022-02-07,1,0.47484607,0
2022-02-08,1,0.44310233,0
2022-02-09,0,0.46886697,0
2022-02-10,0,0.48284814,0
2022-02-11,1,0.5036561,1
2022-02-14,1,0.45096612,0
2022-02-15,0,0.45666268,0
2022-02-16,0,0.4649116,0
2022-02-17,0,0.4954016,0
2022-02-18,0,0.51053053,1
2022-02-22,0,0.5025854,1
2022-02-23,1,0.527879,1
2022-02-24,1,0.4177841,0
2022-02-25,1,0.46851867,0
2022-02-28,0,0.45189616,0
2022-03-01,1,0.49171624,0
2022-03-02,0,0.466904,0
2022-03-03,0,0.492806,0
2022-03-04,0,0.48740122,0
2022-03-07,0,0.51632774,1
2022-03-08,1,0.51569307,1
2022-03-09,0,0.4573184,0
2022-03-10,0,0.49065655,0
2022-03-11,0,0.5104371,1
2022-03-14,1,0.495281,0
2022-03-15,1,0.44464114,0
2022-03-16,1,0.4474609,0
2022-03-17,1,0.45081502,0
2022-03-18,1,0.44329277,0
2022-03-21,1,0.4645281,0
2022-03-22,1,0.45021144,0
2022-03-23,1,0.46286544,0
2022-03-24,1,0.45537353,0
2022-03-25,1,0.47325724,0
2022-03-28,1,0.45652,0
2022-03-29,0,0.46571517,0
2022-03-30,0,0.4798517,0
2022-03-31,0,0.4877839,0
2022-04-01,1,0.47612995,0
2022-04-04,0,0.45187318,0
2022-04-05,0,0.49433923,0
2022-04-06,1,0.48026964,0
2022-04-07,0,0.49891225,0
2022-04-08,0,0.502708,1
2022-04-11,1,0.5259974,1
2022-04-12,1,0.5096605,1
2022-04-13,0,0.49444756,0
2022-04-14,0,0.54261446,1
2022-04-18,1,0.5006551,1
2022-04-19,0,0.49088985,0
2022-04-20,0,0.49761277,0
2022-04-21,0,0.5172441,1
2022-04-22,1,0.5226766,1
2022-04-25,0,0.4987317,0
2022-04-26,0,0.54101455,1
2022-04-27,1,0.49648166,0
2022-04-28,0,0.5064335,1
2022-04-29,1,0.52090645,1
2022-05-02,1,0.49366337,0
2022-05-03,1,0.47978896,0
2022-05-04,0,0.49016872,0
2022-05-05,1,0.5520456,1
2022-05-06,0,0.4887213,0
2022-05-09,1,0.50488234,1
2022-05-10,0,0.49295333,0
2022-05-11,0,0.5864812,1
2022-05-12,1,0.509748,1
2022-05-13,0,0.48530972,0
2022-05-16,1,0.4818296,0
2022-05-17,0,0.48529112,0
2022-05-18,0,0.49675325,0
2022-05-19,1,0.49119762,0
2022-05-20,1,0.48863262,0
2022-05-23,0,0.48432922,0
2022-05-24,1,0.48021448,0
2022-05-25,1,0.48209214,0
2022-05-26,1,0.4896379,0
2022-05-27,0,0.49749002,0
2022-05-31,0,0.49887913,0
2022-06-01,1,0.49384797,0
2022-06-02,0,0.5105676,1
2022-06-03,1,0.49982545,0
2022-06-06,1,0.5037813,1
2022-06-07,0,0.4962312,0
2022-06-08,0,0.5012257,1
2022-06-09,0,0.5262208,1
2022-06-10,0,0.53163433,1
2022-06-13,1,0.5387951,1
2022-06-14,1,0.50592864,1
2022-06-15,0,0.49866867,0
2022-06-16,1,0.50654125,1
2022-06-17,1,0.49343923,0
2022-06-21,0,0.4801537,0
2022-06-22,1,0.47346777,0
2022-06-23,1,0.48265728,0
2022-06-24,0,0.49942416,0
2022-06-27,0,0.5001027,1
2022-06-28,1,0.49374196,0
2022-06-29,0,0.49942818,0
2022-06-30,1,0.49976388,0
2022-07-01,1,0.4982517,0
2022-07-05,1,0.49814615,0
2022-07-06,1,0.5021652,1
2022-07-07,1,0.5023774,1
2022-07-08,0,0.5059175,1
2022-07-11,1,0.51690364,1
2022-07-12,0,0.497656,0
2022-07-13,1,0.49025568,0
2022-07-14,1,0.48898324,0
2022-07-15,0,0.49088308,0
2022-07-18,1,0.5144947,1
2022-07-19,1,0.4860719,0
2022-07-20,1,0.4896898,0
2022-07-21,0,0.49180633,0
2022-07-22,0,0.5031151,1
2022-07-25,0,0.5045873,1
2022-07-26,1,0.50361395,1
2022-07-27,1,0.4775717,0
2022-07-28,1,0.479172,0
2022-07-29,0,0.48007625,0
2022-08-01,0,0.4960054,0
2022-08-02,1,0.499266,0
2022-08-03,0,0.48881903,0
2022-08-04,0,0.49670157,0
2022-08-05,0,0.4874968,0
2022-08-08,1,0.49023825,0
2022-08-09,1,0.48342595,0
2022-08-10,0,0.47188446,0
2022-08-11,1,0.4970055,0
2022-08-12,1,0.477583,0
2022-08-15,0,0.48744592,0
2022-08-16,1,0.4906175,0
2022-08-17,0,0.47411162,0
2022-08-18,0,0.49196965,0
2022-08-19,0,0.5037229,1
2022-08-22,0,0.52271056,1
2022-08-23,1,0.50798213,1
2022-08-24,1,0.5042285,1
2022-08-25,0,0.48335686,0
2022-08-26,0,0.580387,1
2022-08-29,0,0.5119545,1
2022-08-30,0,0.5513066,1
2022-08-31,1,0.5539423,1
2022-09-01,0,0.5167048,1
2022-09-02,0,0.57824343,1
2022-09-06,1,0.55975604,1
2022-09-07,0,0.5148685,1
2022-09-08,1,0.531474,1
2022-09-09,1,0.50601137,1
2022-09-12,0,0.47600555,0
2022-09-13,1,0.585539,1
2022-09-14,0,0.5062752,1
2022-09-15,0,0.54005,1
2022-09-16,1,0.5116234,1
2022-09-19,1,0.4884531,0
2022-09-20,0,0.4831073,0
2022-09-21,0,0.53812754,1
2022-09-22,0,0.5122478,1
2022-09-23,1,0.5221084,1
2022-09-26,1,0.50603426,1
2022-09-27,0,0.5131918,1
2022-09-28,0,0.49398023,0
2022-09-29,0,0.56519794,1
2022-09-30,1,0.5667105,1
2022-10-03,1,0.49567443,0
2022-10-04,1,0.51444364,1
2022-10-05,0,0.50697255,1
2022-10-06,0,0.5275126,1
2022-10-07,1,0.5222226,1
2022-10-10,0,0.5113245,1
2022-10-11,0,0.5151688,1
2022-10-12,1,0.51476073,1
2022-10-13,0,0.42964643,0
2022-10-14,1,0.5117192,1
2022-10-17,1,0.48579603,0
2022-10-18,1,0.5016029,1
2022-10-19,0,0.51518416,1
2022-10-20,1,0.5187384,1
2022-10-21,1,0.45871547,0
2022-10-24,1,0.47813097,0
2022-10-25,0,0.46097806,0
2022-10-26,0,0.49475825,0
2022-10-27,1,0.5144993,1
2022-10-28,0,0.351599,0
2022-10-31,0,0.48969868,0
2022-11-01,0,0.5179974,1
2022-11-02,0,0.5227119,1
2022-11-03,0,0.52676004,1
2022-11-04,1,0.49852362,0
2022-11-07,1,0.5247314,1
2022-11-08,0,0.520446,1
2022-11-09,1,0.52923465,1
2022-11-10,1,0.41914102,0
2022-11-11,0,0.48767626,0
2022-11-14,1,0.5131023,1
2022-11-15,0,0.4882288,0
2022-11-16,1,0.49721014,0
2022-11-17,1,0.4415998,0
2022-11-18,0,0.47670725,0
2022-11-21,1,0.50421417,1
2022-11-22,1,0.47509533,0
2022-11-23,0,0.45182493,0
2022-11-25,0,0.52052236,1
2022-11-28,0,0.5104536,1
2022-11-29,1,0.50890404,1
2022-11-30,1,0.46388403,0
2022-12-01,0,0.51124394,1
2022-12-02,0,0.51514876,1
2022-12-05,0,0.51772594,1
2022-12-06,0,0.518615,1
2022-12-07,1,0.51942,1
2022-12-08,0,0.52174497,1
2022-12-09,1,0.51137185,1
2022-12-12,1,0.5066575,1
2022-12-13,0,0.490994,0
2022-12-14,0,0.5187969,1
2022-12-15,0,0.5231793,1
2022-12-16,0,0.5128967,1
2022-12-19,0,0.53331244,1
2022-12-20,1,0.51774955,1
2022-12-21,0,0.5044656,1
2022-12-22,0,0.5228026,1
2022-12-23,0,0.5187098,1
2022-12-27,0,0.5206286,1
2022-12-28,1,0.52105016,1
2022-12-29,1,0.5046917,1
2022-12-30,0,0.50628614,1
2023-01-03,1,0.5200658,1
2023-01-04,0,0.5040643,1
2023-01-05,1,0.5147406,1
2023-01-06,1,0.48163095,0
2023-01-09,1,0.4968675,0
2023-01-10,1,0.49849302,0
2023-01-11,0,0.503222,1
2023-01-12,1,0.5008962,1
2023-01-13,1,0.5054764,1
2023-01-17,0,0.5084549,1
2023-01-18,1,0.5075566,1
2023-01-19,1,0.50847304,1
2023-01-20,1,0.50839853,1
2023-01-23,1,0.5085435,1
2023-01-24,0,0.50767803,1
2023-01-25,1,0.5126977,1
2023-01-26,1,0.5124687,1
2023-01-27,0,0.51357895,1
2023-01-30,1,0.51470995,1
2023-01-31,1,0.5118687,1
2023-02-01,1,0.5140364,1
2023-02-02,1,0.50874007,1
2023-02-03,0,0.5042254,1
2023-02-06,1,0.5158607,1
2023-02-07,0,0.5090686,1
2023-02-08,0,0.5170213,1
2023-02-09,1,0.51782656,1
2023-02-10,1,0.519803,1
2023-02-13,0,0.5181997,1
2023-02-14,1,0.5183976,1
2023-02-15,0,0.5197644,1
2023-02-16,0,0.5164938,1
2023-02-17,0,0.5162837,1
2023-02-21,1,0.51270247,1
2023-02-22,1,0.5153438,1
2023-02-23,0,0.5165696,1
2023-02-24,1,0.51187074,1
2023-02-27,0,0.5177693,1
2023-02-28,0,0.51075464,1
2023-03-01,1,0.50498784,1
2023-03-02,1,0.5144801,1
2023-03-03,1,0.5178033,1
2023-03-06,0,0.50776726,1
2023-03-07,1,0.5074959,1
2023-03-08,0,0.5133262,1
2023-03-09,0,0.50498044,1
2023-03-10,1,0.50948507,1
2023-03-13,1,0.51818836,1
2023-03-14,1,0.51523924,1
2023-03-15,1,0.5161054,1
2023-03-16,0,0.5156981,1
2023-03-17,1,0.50712836,1
2023-03-20,1,0.51400524,1
2023-03-21,0,0.5139816,1
2023-03-22,1,0.512756,1
2023-03-23,1,0.5150238,1
2023-03-24,0,0.5179376,1
2023-03-27,0,0.5155822,1
2023-03-28,1,0.5197092,1
2023-03-29,1,0.5218682,1
2023-03-30,1,0.51942,1
2023-03-31,1,0.5123011,1
2023-04-03,0,0.5120207,1
2023-04-04,0,0.5160725,1
2023-04-05,1,0.51612353,1
2023-04-06,0,0.5215377,1
2023-04-10,0,0.51997954,1
2023-04-11,0,0.48178813,0
2023-04-12,1,0.480655,0
2023-04-13,0,0.4925585,0
2023-04-14,1,0.49362603,0
2023-04-17,1,0.49661696,0
2023-04-18,1,0.49806634,0
2023-04-19,0,0.4995392,0
2023-04-20,0,0.49155617,0
2023-04-21,1,0.49006465,0
2023-04-24,0,0.49130085,0
2023-04-25,0,0.48401442,0
2023-04-26,1,0.4865178,0
2023-04-27,1,0.4941084,0
2023-04-28,0,0.49609238,0
2023-05-01,0,0.49411815,0
2023-05-02,0,0.4945434,0
2023-05-03,0,0.49217287,0
2023-05-04,1,0.4873002,0
2023-05-05,0,0.49525246,0
2023-05-08,0,0.501263,1
2023-05-09,1,0.49683014,0
2023-05-10,1,0.49973574,0
2023-05-11,0,0.50290114,1
2023-05-12,0,0.49451622,0
2023-05-15,0,0.49319825,0
2023-05-16,1,0.49174857,0
2023-05-17,1,0.4891946,0
2023-05-18,1,0.48951527,0
2023-05-19,0,0.49370262,0
2023-05-22,0,0.4941527,0
2023-05-23,1,0.4866563,0
2023-05-24,1,0.48786807,0
2023-05-25,1,0.49020454,0
2023-05-26,1,0.49489284,0
2023-05-30,0,0.49345058,0
2023-05-31,1,0.49187055,0
2023-06-01,1,0.5009224,1
2023-06-02,0,0.5032052,1
2023-06-05,0,0.49978817,0
2023-06-06,0,0.49653104,0
2023-06-07,1,0.4901841,0
2023-06-08,1,0.4970132,0
2023-06-09,1,0.4930227,0
2023-06-12,0,0.49557313,0
2023-06-13,1,0.49321964,0
2023-06-14,1,0.49378726,0
2023-06-15,0,0.49388918,0
2023-06-16,1,0.49394584,0
2023-06-20,0,0.49541226,0
2023-06-21,1,0.49161714,0
2023-06-22,0,0.49661508,0
2023-06-23,0,0.49420333,0
2023-06-26,1,0.48976964,0
2023-06-27,1,0.4962405,0
2023-06-28,1,0.49560592,0
2023-06-29,1,0.4947203,0
2023-06-30,0,0.4919902,0
2023-07-03,0,0.5005506,1
2023-07-05,1,0.4946946,0
2023-07-06,0,0.49464113,0
2023-07-07,0,0.49331275,0
2023-07-10,0,0.48456722,0
2023-07-11,1,0.48562795,0
2023-07-12,1,0.468743,0
2023-07-13,1,0.4806949,0
2023-07-14,1,0.4808273,0
2023-07-17,0,0.47752717,0
2023-07-18,1,0.46367154,0
2023-07-19,0,0.42968792,0
2023-07-20,0,0.43661496,0
2023-07-21,1,0.45924258,0
2023-07-24,1,0.47985545,0
2023-07-25,1,0.4875438,0
2023-07-26,0,0.478661,0
2023-07-27,1,0.44491547,0
2023-07-28,1,0.46744308,0
2023-07-31,0,0.46758938,0
2023-08-01,0,0.46054432,0
2023-08-02,0,0.4434378,0
2023-08-03,0,0.46329957,0
2023-08-04,0,0.399839,0
2023-08-07,1,0.46755978,0
2023-08-08,0,0.5139426,1
2023-08-09,0,0.4975384,0
2023-08-10,1,0.50824213,1
2023-08-11,1,0.51209337,1
2023-08-14,0,0.5110451,1
2023-08-15,0,0.5037022,1
2023-08-16,0,0.507668,1
2023-08-17,1,0.49718034,0
2023-08-18,1,0.5057057,1
2023-08-21,1,0.5089674,1
2023-08-22,1,0.5106276,1
2023-08-23,0,0.50583595,1
2023-08-24,1,0.47136253,0
2023-08-25,1,0.50227255,1
2023-08-28,1,0.50515676,1
2023-08-29,1,0.4967974,0
2023-08-30,1,0.49258092,0
2023-08-31,1,0.4829336,0
2023-09-01,1,0.48351598,0
2023-09-05,0,0.47918025,0
2023-09-06,0,0.40947947,0
2023-09-07,1,0.45817444,0
2023-09-08,1,0.5010241,1
2023-09-11,0,0.5054668,1
2023-09-12,0,0.47572926,0
2023-09-13,1,0.4936629,0
2023-09-14,0,0.5116519,1
2023-09-15,1,0.5013218,1
2023-09-18,1,0.51222813,1
2023-09-19,0,0.50936097,1
2023-09-20,0,0.4859428,0
2023-09-21,1,0.5038073,1
2023-09-22,1,0.50626373,1
2023-09-25,0,0.5100425,1
2023-09-26,0,0.4791034,0
2023-09-27,1,0.49427107,0
2023-09-28,1,0.50569654,1
2023-09-29,1,0.50645417,1
2023-10-02,0,0.51402557,1
2023-10-03,1,0.50302935,1
2023-10-04,1,0.50658303,1
2023-10-05,1,0.5057361,1
2023-10-06,1,0.50011957,1
2023-10-09,0,0.50347555,1
2023-10-10,1,0.5330253,1
2023-10-11,1,0.5280255,1
2023-10-12,0,0.5236547,1
2023-10-13,0,0.532922,1
2023-10-16,0,0.5355357,1
2023-10-17,0,0.53392005,1
2023-10-18,0,0.53039896,1
2023-10-19,0,0.5248647,1
2023-10-20,1,0.5201301,1
2023-10-23,1,0.5284426,1
2023-10-24,0,0.51846576,1
2023-10-25,0,0.5138457,1
2023-10-26,1,0.5223979,1
2023-10-27,1,0.5119997,1
2023-10-30,1,0.5128824,1
2023-10-31,1,0.51425296,1
2023-11-01,1,0.51042265,1
2023-11-02,0,0.4932158,0
2023-11-03,1,0.51678896,1
2023-11-06,1,0.51883054,1
2023-11-07,1,0.50455606,1
2023-11-08,0,0.5160481,1
2023-11-09,1,0.5112139,1
2023-11-10,0,0.47608554,0
2023-11-13,1,0.51329726,1
2023-11-14,1,0.48733428,0
2023-11-15,1,0.503149,1
2023-11-16,0,0.49328667,0
2023-11-17,1,0.49973637,0
2023-11-20,0,0.49146727,0
2023-11-21,1,0.50215656,1
2023-11-22,0,0.49564442,0
2023-11-24,0,0.4996174,0
2023-11-27,1,0.49645686,0
2023-11-28,0,0.5084689,1
2023-11-29,1,0.5066626,1
2023-11-30,1,0.5102647,1
2023-12-01,0,0.5135654,1
2023-12-04,1,0.5133989,1
2023-12-05,0,0.506263,1
2023-12-06,1,0.51079273,1
2023-12-07,1,0.51568604,1
2023-12-08,0,0.51758265,1
2023-12-11,1,0.5203351,1
2023-12-12,1,0.5201384,1
2023-12-13,1,0.5082271,1
2023-12-14,0,0.51289034,1
2023-12-15,0,0.4896572,0
2023-12-18,1,0.514689,1
2023-12-19,0,0.5149045,1
2023-12-20,0,0.50479674,1
2023-12-21,0,0.50608325,1
2023-12-22,0,0.50969154,1
2023-12-26,1,0.5050707,1
2023-12-27,1,0.5049452,1
2023-12-28,0,0.50825167,1
2023-12-29,0,0.50611913,1
2024-01-02,0,0.50881565,1
2024-01-03,0,0.5094502,1
2024-01-04,0,0.50019324,1
2024-01-05,1,0.4993919,0
2024-01-08,0,0.504097,1
2024-01-09,1,0.50460625,1
2024-01-10,0,0.5048469,1
2024-01-11,1,0.5050138,1
2024-01-12,0,0.50135446,1
2024-01-16,0,0.5192976,1
2024-01-17,1,0.51483583,1
2024-01-18,1,0.5283252,1
2024-01-19,1,0.4988112,0
2024-01-22,1,0.48254496,0
2024-01-23,0,0.45974258,0
2024-01-24,0,0.48114884,0
2024-01-25,0,0.47535378,0
2024-01-26,0,0.4737248,0
2024-01-29,0,0.48492622,0
2024-01-30,0,0.48692587,0
2024-01-31,1,0.49762732,0
2024-02-01,0,0.5109505,1
2024-02-02,1,0.525324,1
2024-02-05,1,0.49507186,0
2024-02-06,1,0.4820867,0
2024-02-07,0,0.49245134,0
2024-02-08,1,0.48536068,0
2024-02-09,0,0.49689296,0
2024-02-12,0,0.4969354,0
2024-02-13,0,0.51174873,1
2024-02-14,0,0.51439023,1
2024-02-15,0,0.521471,1
2024-02-16,0,0.5108673,1
2024-02-20,1,0.5179506,1
2024-02-21,1,0.51201504,1
2024-02-22,0,0.519565,1
2024-02-23,0,0.5080676,1
2024-02-26,1,0.51463974,1
2024-02-27,0,0.5269494,1
2024-02-28,0,0.5185791,1
2024-02-29,0,0.52463937,1
2024-03-01,0,0.51811254,1
2024-03-04,0,0.5161905,1
2024-03-05,0,0.520182,1
2024-03-06,0,0.51662016,1
2024-03-07,1,0.52738696,1
2024-03-08,1,0.5309714,1
2024-03-11,1,0.52143645,1
2024-03-12,0,0.5199476,1
2024-03-13,1,0.5168816,1
2024-03-14,0,0.52681494,1
2024-03-15,1,0.5295117,1
2024-03-18,1,0.51892304,1
2024-03-19,1,0.52279544,1
2024-03-20,0,0.5259483,1
2024-03-21,1,0.48953813,0
2024-03-22,0,0.5158055,1
2024-03-25,0,0.51464844,1
2024-03-26,1,0.51944774,1
2024-03-27,0,0.52947795,1
2024-03-28,0,0.5230111,1
2024-04-01,0,0.5170963,1
2024-04-02,1,0.52563,1
2024-04-03,0,0.5236473,1
2024-04-04,1,0.52224743,1
2024-04-05,0,0.5255149,1
2024-04-08,1,0.5247935,1
2024-04-09,0,0.5326334,1
2024-04-10,1,0.5316751,1
2024-04-11,1,0.5044098,1
2024-04-12,0,0.5053214,1
2024-04-15,0,0.514989,1
2024-04-16,0,0.5115644,1
2024-04-17,0,0.52110076,1
2024-04-18,0,0.5197371,1
2024-04-19,1,0.5165861,1
2024-04-22,1,0.5268228,1
2024-04-23,1,0.5311858,1
2024-04-24,1,0.5302173,1
2024-04-25,0,0.52858216,1
2024-04-26,1,0.52629554,1
2024-04-29,0,0.52318275,1
2024-04-30,0,0.51207995,1
2024-05-01,1,0.5245793,1
2024-05-02,1,0.5186399,1
2024-05-03,0,0.45414433,0
2024-05-06,1,0.50294876,1
2024-05-07,1,0.50488746,1
2024-05-08,1,0.50226927,1
2024-05-09,0,0.49808028,0
2024-05-10,1,0.48741937,0
2024-05-13,1,0.48347905,0
2024-05-14,1,0.4803465,0
2024-05-15,1,0.47608802,0
2024-05-16,1,0.4803862,0
2024-05-17,1,0.49314556,0
2024-05-20,1,0.48780754,0
2024-05-21,0,0.488373,0
2024-05-22,0,0.48567823,0
2024-05-23,1,0.48018014,0
2024-05-24,1,0.48779514,0
2024-05-28,1,0.48931375,0
2024-05-29,1,0.4911417,0
2024-05-30,1,0.5043394,1
2024-05-31,1,0.49793962,0
2024-06-03,1,0.5039383,1
2024-06-04,1,0.507519,1
2024-06-05,0,0.50693214,1
2024-06-06,1,0.5080788,1
2024-06-07,0,0.5046586,1
2024-06-10,1,0.4698791,0
2024-06-11,1,0.37904125,0
2024-06-12,1,0.37505525,0
2024-06-13,0,0.45766994,0
2024-06-14,1,0.47111136,0
2024-06-17,0,0.45728916,0
2024-06-18,0,0.4472974,0
2024-06-20,0,0.43099734,0
2024-06-21,1,0.42027447,0
2024-06-24,1,0.44339123,0
2024-06-25,1,0.45949227,0
2024-06-26,1,0.4869671,0
2024-06-27,0,0.492752,0
2024-06-28,1,0.47232774,0
2024-07-01,1,0.4614783,0
2024-07-02,1,0.46483645,0
2024-07-03,1,0.4716684,0
2024-07-05,1,0.46319354,0
2024-07-08,1,0.45874694,0
2024-07-09,1,0.46174118,0
2024-07-10,0,0.4523473,0
2024-07-11,1,0.43162936,0
2024-07-12,1,0.48117343,0
2024-07-15,1,0.46774578,0
2024-07-16,0,0.47185844,0
2024-07-17,0,0.47715372,0
2024-07-18,1,0.4486605,0
2024-07-19,0,0.47945005,0
2024-07-22,1,0.47696194,0
2024-07-23,0,0.49205068,0
2024-07-24,0,0.47491667,0
2024-07-25,1,0.48415208,0
2024-07-26,1,0.49793026,0
2024-07-29,1,0.50166345,1
2024-07-30,1,0.5001181,1
2024-07-31,0,0.50915,1
2024-08-01,1,0.47509572,0
2024-08-02,0,0.48627612,0
2024-08-05,0,0.46463278,0
2024-08-06,1,0.49036676,0
2024-08-07,1,0.5069462,1
2024-08-08,1,0.5101502,1
2024-08-09,1,0.51674885,1
2024-08-12,1,0.50831103,1
2024-08-13,1,0.52056766,1
2024-08-14,1,0.50997734,1
2024-08-15,1,0.5188332,1
2024-08-16,0,0.5169822,1
2024-08-19,1,0.51854706,1
2024-08-20,0,0.5259654,1
2024-08-21,0,0.5188802,1
2024-08-22,1,0.49982646,0
2024-08-23,1,0.5113375,1
2024-08-26,1,0.5074619,1
2024-08-27,0,0.5093385,1
2024-08-28,1,0.49726787,0
2024-08-29,0,0.49806628,0
2024-08-30,0,0.4974433,0
2024-09-03,0,0.4624927,0
2024-09-04,1,0.49589399,0
2024-09-05,0,0.50778365,1
2024-09-06,1,0.4997523,0
2024-09-09,0,0.5133475,1
2024-09-10,1,0.5056022,1
2024-09-11,1,0.50556517,1
2024-09-12,0,0.5088594,1
2024-09-13,0,0.51237005,1
2024-09-16,1,0.5160612,1
2024-09-17,1,0.5193628,1
2024-09-18,1,0.51677465,1
2024-09-19,0,0.52143633,1
2024-09-20,0,0.55564046,1
2024-09-23,1,0.49402472,0
2024-09-24,0,0.50322556,1
2024-09-25,1,0.51046824,1
2024-09-26,1,0.5133562,1
2024-09-27,1,0.51316893,1
2024-09-30,0,0.5275841,1
2024-10-01,1,0.47787312,0
2024-10-02,0,0.50178003,1
2024-10-03,1,0.5049324,1
2024-10-04,0,0.4997425,0
2024-10-07,1,0.49670357,0
2024-10-08,1,0.5174255,1
2024-10-09,0,0.51595366,1
2024-10-10,0,0.48879883,0
2024-10-11,1,0.4923098,0
2024-10-14,1,0.49580836,0
2024-10-15,0,0.50156367,1
2024-10-16,1,0.4880324,0
2024-10-17,1,0.4920706,0
2024-10-18,1,0.4958424,0
2024-10-21,0,0.48816055,0
2024-10-22,0,0.49288744,0
2024-10-23,0,0.49751195,0
2024-10-24,1,0.48544568,0
2024-10-25,1,0.49586168,0
2024-10-28,1,0.48893076,0
2024-10-29,0,0.49129567,0
2024-10-30,0,0.5001699,1
2024-10-31,0,0.50431114,1
2024-11-01,0,0.50388455,1
2024-11-04,1,0.49803725,0
2024-11-05,0,0.49193978,0
2024-11-06,1,0.50528175,1
2024-11-07,0,0.49194714,0
2024-11-08,0,0.49220723,0
2024-11-11,0,0.49551925,0
2024-11-12,1,0.49262473,0
2024-11-13,1,0.49723822,0
2024-11-14,0,0.4946529,0
2024-11-15,1,0.49614942,0
2024-11-18,1,0.49595904,0
2024-11-19,1,0.49199802,0
2024-11-20,0,0.49264306,0
2024-11-21,1,0.49618965,0
2024-11-22,1,0.4912378,0
2024-11-25,1,0.50820935,1
2024-11-26,0,0.48826465,0
2024-11-27,1,0.48586234,0
2024-11-29,1,0.48946527,0
2024-12-02,1,0.49886462,0
2024-12-03,1,0.49133608,0
2024-12-04,1,0.49427736,0
2024-12-05,0,0.4893634,0
2024-12-06,1,0.48700592,0
2024-12-09,1,0.49431914,0
2024-12-10,0,0.48435542,0
2024-12-11,1,0.4928568,0
2024-12-12,1,0.4821286,0
2024-12-13,1,0.4854943,0
2024-12-16,1,0.49203396,0
2024-12-17,0,0.48746815,0
2024-12-18,1,0.49283084,0
2024-12-19,1,0.49194804,0
2024-12-20,1,0.5033375,1
2024-12-23,1,0.47180438,0
2024-12-24,1,0.47343734,0
2024-12-26,0,0.481197,0
2024-12-27,0,0.49190977,0
2024-12-30,0,0.4895537,0
2024-12-31,0,0.49540475,0
2025-01-02,0,0.5019816,1
2025-01-03,1,0.49641338,0
2025-01-06,0,0.50041384,1
2025-01-07,1,0.50155807,1
2025-01-08,0,0.49907818,0
2025-01-10,0,0.5056683,1
