Date,Actual,Prediction_XGB,Pred_Binary_XGB
2013-01-04,0,0.6197165,1
2013-01-07,1,0.39290297,0
2013-01-08,0,0.24233723,0
2013-01-09,1,0.70808053,1
2013-01-10,0,0.49142125,0
2013-01-11,0,0.4844925,0
2013-01-14,0,0.45117155,0
2013-01-15,1,0.7930726,1
2013-01-16,0,0.32676288,0
2013-01-17,0,0.19027123,0
2013-01-18,1,0.39126956,0
2013-01-22,1,0.26340678,0
2013-01-23,0,0.64400715,1
2013-01-24,0,0.79380816,1
2013-01-25,1,0.84680426,1
2013-01-28,1,0.65851694,1
2013-01-29,0,0.7371953,1
2013-01-30,0,0.8088412,1
2013-01-31,0,0.5824379,1
2013-02-01,0,0.55519974,1
2013-02-04,1,0.3583387,0
2013-02-05,0,0.36172345,0
2013-02-06,1,0.34996143,0
2013-02-07,1,0.6886653,1
2013-02-08,1,0.4088424,0
2013-02-11,0,0.47868893,0
2013-02-12,0,0.6482704,1
2013-02-13,0,0.4102934,0
2013-02-14,0,0.50581825,1
2013-02-15,0,0.5608609,1
2013-02-19,0,0.5505681,1
2013-02-20,0,0.55602074,1
2013-02-21,1,0.60022914,1
2013-02-22,0,0.6893754,1
2013-02-25,1,0.5032762,1
2013-02-26,0,0.4338643,0
2013-02-27,0,0.38473096,0
2013-02-28,0,0.48608607,0
2013-03-01,0,0.5244254,1
2013-03-04,1,0.7414827,1
2013-03-05,0,0.4596561,0
2013-03-06,1,0.44853172,0
2013-03-07,1,0.23951118,0
2013-03-08,1,0.34191868,0
2013-03-11,0,0.59111327,1
2013-03-12,0,0.40164065,0
2013-03-13,1,0.38598147,0
2013-03-14,1,0.60718167,1
2013-03-15,1,0.63205683,1
2013-03-18,0,0.42373016,0
2013-03-19,0,0.31375712,0
2013-03-20,1,0.49752253,0
2013-03-21,1,0.54232466,1
2013-03-22,1,0.52622473,1
2013-03-25,0,0.5303666,1
2013-03-26,0,0.44090706,0
2013-03-27,0,0.5191814,1
2013-03-28,0,0.5161499,1
2013-04-01,1,0.75402814,1
2013-04-02,1,0.5847496,1
2013-04-03,0,0.52038014,1
2013-04-04,0,0.61459094,1
2013-04-05,1,0.67084646,1
2013-04-08,1,0.44466975,0
2013-04-09,1,0.4669225,0
2013-04-10,0,0.47729367,0
2013-04-11,0,0.5530257,1
2013-04-12,0,0.67024,1
2013-04-15,1,0.40676174,0
2013-04-16,0,0.37565583,0
2013-04-17,0,0.8022889,1
2013-04-18,0,0.86827695,1
2013-04-19,1,0.81497943,1
2013-04-22,1,0.6654143,1
2013-04-23,0,0.41414452,0
2013-04-24,1,0.3729307,0
2013-04-25,1,0.5696218,1
2013-04-26,1,0.59765816,1
2013-04-29,1,0.40338054,0
2013-04-30,0,0.48879784,0
2013-05-01,1,0.37553367,0
2013-05-02,1,0.558383,1
2013-05-03,1,0.5207123,1
2013-05-06,0,0.5061628,1
2013-05-07,1,0.4490454,0
2013-05-08,0,0.42103785,0
2013-05-09,0,0.51183885,1
2013-05-10,1,0.376998,0
2013-05-13,0,0.518819,1
2013-05-14,0,0.47487113,0
2013-05-15,1,0.61456,1
2013-05-16,0,0.5588716,1
2013-05-17,1,0.55236554,1
2013-05-20,0,0.6317475,1
2013-05-21,1,0.6303047,1
2013-05-22,1,0.6050798,1
2013-05-23,1,0.54924047,1
2013-05-24,0,0.52911687,1
2013-05-28,1,0.50221634,1
2013-05-29,1,0.56239057,1
2013-05-30,0,0.5111878,1
2013-05-31,1,0.43702766,0
2013-06-03,0,0.5144373,1
2013-06-04,0,0.4008089,0
2013-06-05,0,0.44212094,0
2013-06-06,1,0.43143553,0
2013-06-07,0,0.4706061,0
2013-06-10,0,0.4633039,0
2013-06-11,0,0.39719594,0
2013-06-12,1,0.43215957,0
2013-06-13,0,0.46846485,0
2013-06-14,1,0.48549557,0
2013-06-17,0,0.46510604,0
2013-06-18,0,0.47310853,0
2013-06-19,0,0.55034333,1
2013-06-20,0,0.6301633,1
2013-06-21,0,0.60835725,1
2013-06-24,1,0.8173419,1
2013-06-25,0,0.78172225,1
2013-06-26,0,0.77763206,1
2013-06-27,1,0.7513404,1
2013-06-28,1,0.6107613,1
2013-07-01,1,0.4704792,0
2013-07-02,1,0.55060196,1
2013-07-03,0,0.71951544,1
2013-07-05,0,0.5932812,1
2013-07-08,1,0.5973195,1
2013-07-09,0,0.5410467,1
2013-07-10,1,0.43422955,0
2013-07-11,0,0.5188289,1
2013-07-12,1,0.41442382,0
2013-07-15,1,0.43129143,0
2013-07-16,1,0.4131927,0
2013-07-17,1,0.45771235,0
2013-07-18,0,0.33772716,0
2013-07-19,1,0.29595187,0
2013-07-22,0,0.37884837,0
2013-07-23,1,0.3931704,0
2013-07-24,0,0.5855134,1
2013-07-25,1,0.40983757,0
2013-07-26,1,0.41288552,0
2013-07-29,1,0.5063652,1
2013-07-30,0,0.5316784,1
2013-07-31,1,0.28191,0
2013-08-01,1,0.5378372,1
2013-08-02,1,0.5462308,1
2013-08-05,0,0.6347752,1
2013-08-06,0,0.49252513,0
2013-08-07,0,0.35906962,0
2013-08-08,0,0.31060514,0
2013-08-09,1,0.5232214,1
2013-08-12,1,0.6936846,1
2013-08-13,1,0.508154,1
2013-08-14,0,0.7064023,1
2013-08-15,1,0.7554294,1
2013-08-16,1,0.6999404,1
2013-08-19,0,0.67889524,1
2013-08-20,1,0.55624217,1
2013-08-21,1,0.4164011,0
2013-08-22,0,0.47755238,0
2013-08-23,1,0.51966083,1
2013-08-26,0,0.67839,1
2013-08-27,1,0.57596797,1
2013-08-28,1,0.610884,1
2013-08-29,0,0.5791306,1
2013-08-30,1,0.5508739,1
2013-09-03,1,0.5006725,1
2013-09-04,0,0.49230155,0
2013-09-05,1,0.3856151,0
2013-09-06,1,0.44458285,0
2013-09-09,0,0.6667241,1
2013-09-10,0,0.46586555,0
2013-09-11,1,0.6141123,1
2013-09-12,0,0.32209378,0
2013-09-13,0,0.5978788,1
2013-09-16,1,0.7477654,1
2013-09-17,1,0.7607311,1
2013-09-18,1,0.38190767,0
2013-09-19,0,0.28041255,0
2013-09-20,1,0.3863178,0
2013-09-23,0,0.52802783,1
2013-09-24,0,0.38229012,0
2013-09-25,1,0.47928286,0
2013-09-26,0,0.33336386,0
2013-09-27,0,0.49670303,0
2013-09-30,1,0.3750997,0
2013-10-01,1,0.27682632,0
2013-10-02,0,0.37088102,0
2013-10-03,0,0.3555284,0
2013-10-04,1,0.40986106,0
2013-10-07,0,0.41146404,0
2013-10-08,1,0.5285579,1
2013-10-09,1,0.4759521,0
2013-10-10,1,0.45433554,0
2013-10-11,1,0.4429489,0
2013-10-14,1,0.6023173,1
2013-10-15,1,0.46921888,0
2013-10-16,1,0.58429813,1
2013-10-17,1,0.70201916,1
2013-10-18,1,0.5588003,1
2013-10-21,0,0.51161224,1
2013-10-22,1,0.51917356,1
2013-10-23,1,0.39528233,0
2013-10-24,0,0.4307946,0
2013-10-25,1,0.49308363,0
2013-10-28,0,0.3863908,0
2013-10-29,1,0.40974998,0
2013-10-30,0,0.49017525,0
2013-10-31,0,0.4922521,0
2013-11-01,1,0.52550006,1
2013-11-04,0,0.5251351,1
2013-11-05,0,0.4814927,0
2013-11-06,0,0.5189242,1
2013-11-07,1,0.67192477,1
2013-11-08,0,0.397878,0
2013-11-11,1,0.56510353,1
2013-11-12,1,0.5076323,1
2013-11-13,1,0.51054156,1
2013-11-14,0,0.34055087,0
2013-11-15,0,0.39246103,0
2013-11-18,1,0.6151714,1
2013-11-19,0,0.47459528,0
2013-11-20,1,0.42287642,0
2013-11-21,0,0.41621125,0
2013-11-22,1,0.54975945,1
2013-11-25,1,0.3925111,0
2013-11-26,1,0.52693236,1
2013-11-27,1,0.7327815,1
2013-11-29,0,0.50450647,1
2013-12-02,1,0.64734733,1
2013-12-03,0,0.5144131,1
2013-12-04,1,0.47426057,0
2013-12-05,0,0.4622222,0
2013-12-06,1,0.6133307,1
2013-12-09,0,0.4447902,0
2013-12-10,0,0.46480045,0
2013-12-11,0,0.64525324,1
2013-12-12,0,0.43519494,0
2013-12-13,1,0.7103633,1
2013-12-16,0,0.43087822,0
2013-12-17,0,0.54530793,1
2013-12-18,0,0.46067697,0
2013-12-19,1,0.6202585,1
2013-12-20,1,0.47713947,0
2013-12-23,0,0.4598057,0
2013-12-24,0,0.4455159,0
2013-12-26,0,0.6189739,1
2013-12-27,0,0.63538617,1
2013-12-30,1,0.57409686,1
2013-12-31,0,0.47996834,0
2014-01-02,0,0.53196543,1
2014-01-03,1,0.2952461,0
2014-01-06,0,0.51043004,1
2014-01-07,1,0.44665012,0
2014-01-08,0,0.3868501,0
2014-01-09,0,0.59353876,1
2014-01-10,1,0.5244725,1
2014-01-13,1,0.51036036,1
2014-01-14,1,0.3150748,0
2014-01-15,0,0.4335688,0
2014-01-16,0,0.44652358,0
2014-01-17,1,0.5084679,1
2014-01-21,1,0.41930902,0
2014-01-22,1,0.5187556,1
2014-01-23,0,0.3900874,0
2014-01-24,1,0.45384127,0
2014-01-27,0,0.40281507,0
2014-01-28,0,0.57830817,1
2014-01-29,0,0.70994884,1
2014-01-30,1,0.6931834,1
2014-01-31,1,0.6822735,1
2014-02-03,1,0.54890376,1
2014-02-04,1,0.3278335,0
2014-02-05,1,0.28180164,0
2014-02-06,1,0.29790527,0
2014-02-07,1,0.35855052,0
2014-02-10,1,0.3119649,0
2014-02-11,0,0.34673867,0
2014-02-12,1,0.37690416,0
2014-02-13,0,0.40287367,0
2014-02-14,1,0.52512825,1
2014-02-18,0,0.39037114,0
2014-02-19,0,0.4414083,0
2014-02-20,0,0.37231982,0
2014-02-21,1,0.6085618,1
2014-02-24,0,0.4786116,0
2014-02-25,0,0.63639647,1
2014-02-26,1,0.63,1
2014-02-27,0,0.42570993,0
2014-02-28,1,0.44610158,0
2014-03-03,1,0.5073498,1
2014-03-04,1,0.5188274,1
2014-03-05,0,0.5436241,1
2014-03-06,0,0.49313733,0
2014-03-07,1,0.44213986,0
2014-03-10,1,0.4618369,0
2014-03-11,1,0.44880837,0
2014-03-12,0,0.520503,1
2014-03-13,0,0.5111382,1
2014-03-14,1,0.53450364,1
2014-03-17,1,0.42477712,0
2014-03-18,0,0.5430891,1
2014-03-19,0,0.52808625,1
2014-03-20,1,0.4727647,0
2014-03-21,1,0.54824924,1
2014-03-24,1,0.44472644,0
2014-03-25,0,0.7143687,1
2014-03-26,0,0.633112,1
2014-03-27,0,0.43622097,0
2014-03-28,0,0.43312466,0
2014-03-31,1,0.3535817,0
2014-04-01,1,0.5492692,1
2014-04-02,0,0.5902249,1
2014-04-03,0,0.4638275,0
2014-04-04,0,0.6435536,1
2014-04-07,0,0.47575608,0
2014-04-08,1,0.46439335,0
2014-04-09,0,0.38535818,0
2014-04-10,0,0.5455419,1
2014-04-11,1,0.48512957,0
2014-04-14,0,0.55347544,1
2014-04-15,1,0.41718844,0
2014-04-16,1,0.48591876,0
2014-04-17,1,0.40487963,0
2014-04-21,1,0.447491,0
2014-04-22,0,0.5458112,1
2014-04-23,1,0.5134796,1
2014-04-24,1,0.4939317,0
2014-04-25,1,0.43127263,0
2014-04-28,0,0.26322767,0
2014-04-29,0,0.6119233,1
2014-04-30,1,0.466036,0
2014-05-01,1,0.47886097,0
2014-05-02,1,0.47844785,0
2014-05-05,0,0.49191496,0
2014-05-06,0,0.4253167,0
2014-05-07,0,0.33758116,0
2014-05-08,0,0.38015264,0
2014-05-09,1,0.48098305,0
2014-05-12,1,0.4233979,0
2014-05-13,1,0.50883466,1
2014-05-14,0,0.45986545,0
2014-05-15,1,0.50535333,1
2014-05-16,1,0.395206,0
2014-05-19,1,0.4891069,0
2014-05-20,1,0.4508549,0
2014-05-21,1,0.6699944,1
2014-05-22,1,0.44544247,0
2014-05-23,1,0.66259855,1
2014-05-27,0,0.67052376,1
2014-05-28,1,0.40998188,0
2014-05-29,0,0.67366475,1
2014-05-30,0,0.5815877,1
2014-06-02,1,0.38898683,0
2014-06-03,1,0.38688844,0
2014-06-04,1,0.5131129,1
2014-06-05,0,0.6858432,1
2014-06-06,1,0.36799166,0
2014-06-09,1,0.7096739,1
2014-06-10,0,0.47268808,0
2014-06-11,0,0.3459377,0
2014-06-12,0,0.56668717,1
2014-06-13,1,0.6121358,1
2014-06-16,0,0.430141,0
2014-06-17,1,0.39194936,0
2014-06-18,0,0.48296937,0
2014-06-19,0,0.41514924,0
2014-06-20,0,0.532492,1
2014-06-23,0,0.4692772,0
2014-06-24,1,0.41680503,0
2014-06-25,1,0.5237985,1
2014-06-26,1,0.3850164,0
2014-06-27,1,0.48428318,0
2014-06-30,1,0.45827788,0
2014-07-01,0,0.5414494,1
2014-07-02,1,0.45503706,0
2014-07-03,1,0.62654024,1
2014-07-07,0,0.6774617,1
2014-07-08,1,0.47186664,0
2014-07-09,0,0.38930967,0
2014-07-10,1,0.3334239,0
2014-07-11,1,0.31834614,0
2014-07-14,0,0.4914604,0
2014-07-15,0,0.20067573,0
2014-07-16,0,0.2991917,0
2014-07-17,1,0.49021333,0
2014-07-18,0,0.32951397,0
2014-07-21,1,0.21869978,0
2014-07-22,1,0.5624871,1
2014-07-23,0,0.45684704,0
2014-07-24,1,0.6055541,1
2014-07-25,1,0.61168367,1
2014-07-28,0,0.5656289,1
2014-07-29,0,0.48732862,0
2014-07-30,0,0.3196718,0
2014-07-31,1,0.49738246,0
2014-08-01,0,0.3249957,0
2014-08-04,0,0.43282527,0
2014-08-05,0,0.4089009,0
2014-08-06,0,0.32360017,0
2014-08-07,1,0.32505444,0
2014-08-08,1,0.29634038,0
2014-08-11,0,0.33920985,0
2014-08-12,1,0.393719,0
2014-08-13,1,0.3371186,0
2014-08-14,1,0.47683582,0
2014-08-15,1,0.49952528,0
2014-08-18,1,0.57614654,1
2014-08-19,1,0.47707912,0
2014-08-20,1,0.51652914,1
2014-08-21,1,0.50380176,1
2014-08-22,1,0.41105533,0
2014-08-25,0,0.3576767,0
2014-08-26,1,0.19982119,0
2014-08-27,1,0.21108684,0
2014-08-28,1,0.37508008,0
2014-08-29,1,0.29493353,0
2014-09-02,0,0.41101953,0
2014-09-03,0,0.43703282,0
2014-09-04,1,0.34072596,0
2014-09-05,0,0.22588335,0
2014-09-08,0,0.3252987,0
2014-09-09,1,0.33208132,0
2014-09-10,1,0.33257255,0
2014-09-11,1,0.5093872,1
2014-09-12,0,0.48399773,0
2014-09-15,0,0.43566874,0
2014-09-16,1,0.5348139,1
2014-09-17,1,0.52880526,1
2014-09-18,0,0.49017546,0
2014-09-19,1,0.5548528,1
2014-09-22,1,0.4149249,0
2014-09-23,0,0.34546155,0
2014-09-24,0,0.4140707,0
2014-09-25,1,0.5838108,1
2014-09-26,0,0.20710093,0
2014-09-29,1,0.35804543,0
2014-09-30,0,0.13388911,0
2014-10-01,1,0.57939416,1
2014-10-02,0,0.5354428,1
2014-10-03,0,0.4936458,0
2014-10-06,0,0.39907926,0
2014-10-07,1,0.51057345,1
2014-10-08,1,0.45041242,0
2014-10-09,0,0.6237578,1
2014-10-10,0,0.5811304,1
2014-10-13,0,0.6394767,1
2014-10-14,0,0.7062558,1
2014-10-15,0,0.61424816,1
2014-10-16,1,0.5030138,1
2014-10-17,1,0.29992697,0
2014-10-20,1,0.34239522,0
2014-10-21,1,0.54029626,1
2014-10-22,1,0.6112458,1
2014-10-23,1,0.41129267,0
2014-10-24,0,0.7460006,1
2014-10-27,1,0.7584435,1
2014-10-28,1,0.37650946,0
2014-10-29,0,0.6160857,1
2014-10-30,1,0.5251982,1
2014-10-31,1,0.45605698,0
2014-11-03,0,0.33397976,0
2014-11-04,1,0.37782657,0
2014-11-05,1,0.27391735,0
2014-11-06,1,0.43332934,0
2014-11-07,0,0.45424795,0
2014-11-10,1,0.41836584,0
2014-11-11,1,0.68071526,1
2014-11-12,1,0.5409958,1
2014-11-13,1,0.58669806,1
2014-11-14,0,0.693366,1
2014-11-17,1,0.6616252,1
2014-11-18,0,0.35535714,0
2014-11-19,1,0.59796166,1
2014-11-20,1,0.46869954,0
2014-11-21,1,0.4648853,0
2014-11-24,0,0.47666132,0
2014-11-25,1,0.4262289,0
2014-11-26,0,0.58714676,1
2014-11-28,0,0.43296927,0
2014-12-01,0,0.45597032,0
2014-12-02,1,0.44556123,0
2014-12-03,0,0.26569343,0
2014-12-04,0,0.37746933,0
2014-12-05,0,0.3886261,0
2014-12-08,1,0.7400806,1
2014-12-09,0,0.39962462,0
2014-12-10,0,0.5128773,1
2014-12-11,0,0.5804316,1
2014-12-12,0,0.61761355,1
2014-12-15,0,0.6788691,1
2014-12-16,1,0.6616813,1
2014-12-17,1,0.34169626,0
2014-12-18,0,0.47619995,0
2014-12-19,1,0.6374678,1
2014-12-22,0,0.4886839,0
2014-12-23,0,0.43825632,0
2014-12-24,1,0.3769561,0
2014-12-26,0,0.30309376,0
2014-12-29,0,0.4563679,0
2014-12-30,0,0.42052782,0
2014-12-31,0,0.66567,1
2015-01-02,0,0.5945939,1
2015-01-05,1,0.70418406,1
2015-01-06,1,0.65626305,1
2015-01-07,1,0.3061513,0
2015-01-08,1,0.37554342,0
2015-01-09,0,0.40063944,0
2015-01-12,1,0.51323813,1
2015-01-13,0,0.61197907,1
2015-01-14,0,0.44235644,0
2015-01-15,0,0.53486925,1
2015-01-16,1,0.5422436,1
2015-01-20,1,0.27642217,0
2015-01-21,1,0.29703498,0
2015-01-22,1,0.29399526,0
2015-01-23,1,0.39291272,0
2015-01-26,0,0.39930826,0
2015-01-27,1,0.50021654,1
2015-01-28,1,0.34261456,0
2015-01-29,0,0.24842933,0
2015-01-30,1,0.63398683,1
2015-02-02,1,0.38123986,0
2015-02-03,1,0.48920822,0
2015-02-04,1,0.5218705,1
2015-02-05,0,0.4807649,0
2015-02-06,1,0.3873632,0
2015-02-09,1,0.34148586,0
2015-02-10,1,0.27614793,0
2015-02-11,1,0.22636405,0
2015-02-12,1,0.4171924,0
2015-02-13,1,0.5662014,1
2015-02-17,1,0.54630613,1
2015-02-18,0,0.5122624,1
2015-02-19,1,0.5593458,1
2015-02-20,1,0.44788307,0
2015-02-23,0,0.29811114,0
2015-02-24,0,0.527604,1
2015-02-25,1,0.43488842,0
2015-02-26,0,0.37815112,0
2015-02-27,1,0.2817177,0
2015-03-02,1,0.26995695,0
2015-03-03,0,0.32285485,0
2015-03-04,0,0.29584983,0
2015-03-05,1,0.5631792,1
2015-03-06,1,0.44865584,0
2015-03-09,0,0.39398468,0
2015-03-10,0,0.46756807,0
2015-03-11,1,0.4201562,0
2015-03-12,0,0.22163673,0
2015-03-13,1,0.39092115,0
2015-03-16,1,0.29181558,0
2015-03-17,1,0.32215664,0
2015-03-18,0,0.3785184,0
2015-03-19,0,0.27379233,0
2015-03-20,1,0.4140472,0
2015-03-23,0,0.16171686,0
2015-03-24,0,0.2371239,0
2015-03-25,1,0.395164,0
2015-03-26,0,0.23927516,0
2015-03-27,1,0.33685705,0
2015-03-30,0,0.2103757,0
2015-03-31,0,0.37989396,0
2015-04-01,1,0.44319338,0
2015-04-02,1,0.25169063,0
2015-04-06,0,0.28950742,0
2015-04-07,0,0.2799003,0
2015-04-08,1,0.40436912,0
2015-04-09,1,0.6155436,1
2015-04-10,0,0.43879622,0
2015-04-13,0,0.36944088,0
2015-04-14,1,0.34326988,0
2015-04-15,0,0.5010127,1
2015-04-16,0,0.42428014,0
2015-04-17,1,0.6746118,1
2015-04-20,0,0.28349876,0
2015-04-21,1,0.41656828,0
2015-04-22,1,0.37633193,0
2015-04-23,1,0.51997757,1
2015-04-24,1,0.44638842,0
2015-04-27,0,0.500247,1
2015-04-28,0,0.30485776,0
2015-04-29,0,0.61174977,1
2015-04-30,1,0.5875732,1
2015-05-01,0,0.37716147,0
2015-05-04,0,0.37943527,0
2015-05-05,0,0.5778683,1
2015-05-06,1,0.7734303,1
2015-05-07,1,0.53848374,1
2015-05-08,0,0.5688886,1
2015-05-11,0,0.5751846,1
2015-05-12,1,0.74929786,1
2015-05-13,1,0.5338154,1
2015-05-14,0,0.4802244,0
2015-05-15,1,0.5039839,1
2015-05-18,0,0.46484327,0
2015-05-19,0,0.30963743,0
2015-05-20,1,0.57833624,1
2015-05-21,1,0.5899559,1
2015-05-22,0,0.61959565,1
2015-05-26,1,0.6710949,1
2015-05-27,0,0.33311406,0
2015-05-28,0,0.5990656,1
2015-05-29,1,0.65998185,1
2015-06-01,0,0.4998476,0
2015-06-02,1,0.5027285,1
2015-06-03,0,0.48266563,0
2015-06-04,0,0.48235407,0
2015-06-05,0,0.5508095,1
2015-06-08,0,0.74318403,1
2015-06-09,1,0.6639016,1
2015-06-10,0,0.6510438,1
2015-06-11,0,0.67540586,1
2015-06-12,0,0.75118357,1
2015-06-15,1,0.7950951,1
2015-06-16,0,0.7971672,1
2015-06-17,1,0.7114591,1
2015-06-18,0,0.73300743,1
2015-06-19,1,0.75711715,1
2015-06-22,0,0.6309946,1
2015-06-23,1,0.7180676,1
2015-06-24,0,0.85008913,1
2015-06-25,0,0.62712735,1
2015-06-26,0,0.7529345,1
2015-06-29,1,0.71806216,1
2015-06-30,1,0.6267976,1
2015-07-01,0,0.47057587,0
2015-07-02,0,0.6178743,1
2015-07-06,0,0.6346918,1
2015-07-07,0,0.6886342,1
2015-07-08,0,0.52999866,1
2015-07-09,1,0.61571616,1
2015-07-10,1,0.45359048,0
2015-07-13,0,0.24103317,0
2015-07-14,1,0.14723581,0
2015-07-15,1,0.41918886,0
2015-07-16,1,0.34171313,0
2015-07-17,1,0.43345195,0
2015-07-20,0,0.3903504,0
2015-07-21,0,0.45049036,0
2015-07-22,0,0.31565416,0
2015-07-23,0,0.28767082,0
2015-07-24,0,0.17081796,0
2015-07-27,1,0.38081983,0
2015-07-28,0,0.3102428,0
2015-07-29,0,0.48004314,0
2015-07-30,0,0.53645873,1
2015-07-31,0,0.4283049,0
2015-08-03,0,0.6806897,1
2015-08-04,1,0.75421643,1
2015-08-05,1,0.6366138,1
2015-08-06,1,0.42771056,0
2015-08-07,1,0.4606619,0
2015-08-10,0,0.58589584,1
2015-08-11,1,0.65009695,1
2015-08-12,0,0.4464885,0
2015-08-13,1,0.3902629,0
2015-08-14,1,0.3997701,0
2015-08-17,0,0.31997126,0
2015-08-18,0,0.4849384,0
2015-08-19,0,0.5032406,1
2015-08-20,0,0.7381054,1
2015-08-21,0,0.67533654,1
2015-08-24,1,0.6563215,1
2015-08-25,1,0.5789787,1
2015-08-26,1,0.5041132,1
2015-08-27,1,0.62333405,1
2015-08-28,0,0.6246786,1
2015-08-31,0,0.6914745,1
2015-09-01,1,0.75528145,1
2015-09-02,0,0.5660986,1
2015-09-03,0,0.7380627,1
2015-09-04,1,0.75267607,1
2015-09-08,0,0.5886816,1
2015-09-09,1,0.73602897,1
2015-09-10,1,0.4628853,0
2015-09-11,1,0.6116033,1
2015-09-14,1,0.68142647,1
2015-09-15,1,0.84103656,1
2015-09-16,0,0.8134889,1
2015-09-17,0,0.6825561,1
2015-09-18,1,0.65171844,1
2015-09-21,0,0.35434937,0
2015-09-22,1,0.4698377,0
2015-09-23,1,0.32373288,0
2015-09-24,0,0.42071348,0
2015-09-25,0,0.26555705,0
2015-09-28,0,0.39611042,0
2015-09-29,1,0.550601,1
2015-09-30,0,0.4515578,0
2015-10-01,1,0.7041499,1
2015-10-02,1,0.4736383,0
2015-10-05,1,0.6596071,1
2015-10-06,0,0.6987927,1
2015-10-07,0,0.55484533,1
2015-10-08,1,0.505929,1
2015-10-09,0,0.32073236,0
2015-10-12,1,0.271623,0
2015-10-13,0,0.55847514,1
2015-10-14,1,0.35299435,0
2015-10-15,0,0.38672262,0
2015-10-16,1,0.2807777,0
2015-10-19,1,0.4876804,0
2015-10-20,0,0.3323222,0
2015-10-21,1,0.5398025,1
2015-10-22,1,0.42729738,0
2015-10-23,0,0.25052038,0
2015-10-26,0,0.44075143,0
2015-10-27,1,0.44142088,0
2015-10-28,1,0.40843385,0
2015-10-29,0,0.48339865,0
2015-10-30,1,0.5659826,1
2015-11-02,1,0.47501418,0
2015-11-03,0,0.5004433,1
2015-11-04,0,0.56419474,1
2015-11-05,1,0.58148813,1
2015-11-06,0,0.40903497,0
2015-11-09,0,0.43380788,0
2015-11-10,0,0.50819457,1
2015-11-11,0,0.54933715,1
2015-11-12,0,0.49908128,0
2015-11-13,1,0.65750235,1
2015-11-16,0,0.35391805,0
2015-11-17,1,0.49655044,0
2015-11-18,1,0.38120562,0
2015-11-19,1,0.39495096,0
2015-11-20,0,0.5281813,1
2015-11-23,1,0.44698697,0
2015-11-24,0,0.3614282,0
2015-11-25,0,0.46063542,0
2015-11-27,1,0.35983127,0
2015-11-30,0,0.41438025,0
2015-12-01,0,0.2991104,0
2015-12-02,0,0.25765088,0
2015-12-03,1,0.33028415,0
2015-12-04,0,0.24133213,0
2015-12-07,0,0.24611768,0
2015-12-08,0,0.45965478,0
2015-12-09,1,0.5047365,1
2015-12-10,0,0.4136284,0
2015-12-11,0,0.62151885,1
2015-12-14,0,0.76808155,1
2015-12-15,1,0.6324292,1
2015-12-16,0,0.6778295,1
2015-12-17,0,0.7441843,1
2015-12-18,1,0.5829216,1
2015-12-21,0,0.7135867,1
2015-12-22,1,0.57917297,1
2015-12-23,0,0.678042,1
2015-12-24,0,0.4612802,0
2015-12-28,1,0.5462471,1
2015-12-29,0,0.553931,1
2015-12-30,0,0.54151595,1
2015-12-31,1,0.54579794,1
2016-01-04,0,0.7567587,1
2016-01-05,0,0.7471075,1
2016-01-06,0,0.68796265,1
2016-01-07,1,0.7823389,1
2016-01-08,1,0.87017184,1
2016-01-11,1,0.73193616,1
2016-01-12,0,0.765704,1
2016-01-13,1,0.7188542,1
2016-01-14,0,0.6535602,1
2016-01-15,0,0.77161837,1
2016-01-19,1,0.64758945,1
2016-01-20,0,0.6710287,1
2016-01-21,1,0.60992336,1
2016-01-22,0,0.6353046,1
2016-01-25,1,0.5070701,1
2016-01-26,0,0.60978806,1
2016-01-27,1,0.59452313,1
2016-01-28,1,0.5581174,1
2016-01-29,0,0.4620065,0
2016-02-01,0,0.37546852,0
2016-02-02,1,0.4988196,0
2016-02-03,1,0.46174896,0
2016-02-04,0,0.4790848,0
2016-02-05,1,0.63682425,1
2016-02-08,0,0.44138926,0
2016-02-09,0,0.60907495,1
2016-02-10,0,0.4808059,0
2016-02-11,1,0.51759255,1
2016-02-12,1,0.4869108,0
2016-02-16,1,0.32274008,0
2016-02-17,0,0.42075077,0
2016-02-18,0,0.46036777,0
2016-02-19,1,0.37880227,0
2016-02-22,0,0.5268145,1
2016-02-23,1,0.49135816,0
2016-02-24,1,0.19937937,0
2016-02-25,1,0.5617271,1
2016-02-26,0,0.5071978,1
2016-02-29,1,0.4508722,0
2016-03-01,1,0.3500611,0
2016-03-02,1,0.7111922,1
2016-03-03,1,0.6525195,1
2016-03-04,0,0.4479132,0
2016-03-07,0,0.6096052,1
2016-03-08,1,0.5722203,1
2016-03-09,1,0.5409829,1
2016-03-10,1,0.41533315,0
2016-03-11,1,0.46219826,0
2016-03-14,1,0.4834296,0
2016-03-15,1,0.4187741,0
2016-03-16,0,0.6396936,1
2016-03-17,1,0.7283378,1
2016-03-18,0,0.63642484,1
2016-03-21,1,0.72519135,1
2016-03-22,0,0.63682073,1
2016-03-23,0,0.6078543,1
2016-03-24,0,0.53187346,1
2016-03-28,1,0.48421898,0
2016-03-29,1,0.36318374,0
2016-03-30,0,0.46802726,0
2016-03-31,1,0.4876882,0
2016-04-01,1,0.72095436,1
2016-04-04,0,0.597297,1
2016-04-05,1,0.5745622,1
2016-04-06,0,0.5036396,1
2016-04-07,1,0.68532795,1
2016-04-08,1,0.5305344,1
2016-04-11,1,0.5156829,1
2016-04-12,1,0.45065337,0
2016-04-13,1,0.63563937,1
2016-04-14,0,0.69024974,1
2016-04-15,0,0.50024235,1
2016-04-18,0,0.71557933,1
2016-04-19,1,0.54224783,1
2016-04-20,0,0.6365567,1
2016-04-21,0,0.66732645,1
2016-04-22,0,0.6821981,1
2016-04-25,0,0.60460275,1
2016-04-26,0,0.68715227,1
2016-04-27,0,0.6007351,1
2016-04-28,0,0.65699226,1
2016-04-29,0,0.82874227,1
2016-05-02,1,0.8178139,1
2016-05-03,0,0.7689011,1
2016-05-04,0,0.80954427,1
2016-05-05,0,0.8228619,1
2016-05-06,1,0.8118789,1
2016-05-09,1,0.78726715,1
2016-05-10,0,0.74480265,1
2016-05-11,0,0.77876276,1
2016-05-12,1,0.6827308,1
2016-05-13,1,0.6564831,1
2016-05-16,0,0.47632927,0
2016-05-17,1,0.7059755,1
2016-05-18,0,0.63520026,1
2016-05-19,1,0.4517042,0
2016-05-20,1,0.57552284,1
2016-05-23,1,0.48951918,0
2016-05-24,1,0.60266966,1
2016-05-25,1,0.49983293,0
2016-05-26,0,0.51764065,1
2016-05-27,0,0.67397654,1
2016-05-31,0,0.6518661,1
2016-06-01,0,0.58455205,1
2016-06-02,1,0.4597088,0
2016-06-03,1,0.58984125,1
2016-06-06,1,0.57907563,1
2016-06-07,0,0.5469241,1
2016-06-08,1,0.6077596,1
2016-06-09,0,0.57146865,1
2016-06-10,0,0.61175907,1
2016-06-13,1,0.6288991,1
2016-06-14,0,0.5685442,1
2016-06-15,1,0.68961215,1
2016-06-16,0,0.6671147,1
2016-06-17,0,0.67263776,1
2016-06-20,1,0.6035575,1
2016-06-21,0,0.6619361,1
2016-06-22,1,0.68082595,1
2016-06-23,0,0.5838906,1
2016-06-24,0,0.47258762,0
2016-06-27,1,0.61785424,1
2016-06-28,1,0.6160296,1
2016-06-29,1,0.57570565,1
2016-06-30,1,0.5447687,1
2016-07-01,0,0.5983167,1
2016-07-05,1,0.50387704,1
2016-07-06,1,0.5399171,1
2016-07-07,1,0.6661408,1
2016-07-08,1,0.7430411,1
2016-07-11,1,0.66730064,1
2016-07-12,0,0.79029167,1
2016-07-13,1,0.56753063,1
2016-07-14,0,0.6303656,1
2016-07-15,1,0.82546216,1
2016-07-18,1,0.5033311,1
2016-07-19,1,0.82386625,1
2016-07-20,0,0.82227445,1
2016-07-21,0,0.39562714,0
2016-07-22,0,0.38810498,0
2016-07-25,0,0.65033776,1
2016-07-26,1,0.52484435,1
2016-07-27,1,0.5235448,1
2016-07-28,0,0.37497777,0
2016-07-29,1,0.5833722,1
2016-08-01,0,0.20023063,0
2016-08-02,1,0.50975865,1
2016-08-03,1,0.63306415,1
2016-08-04,1,0.8608021,1
2016-08-05,1,0.48491952,0
2016-08-08,1,0.5891565,1
2016-08-09,0,0.6374176,1
2016-08-10,0,0.5800509,1
2016-08-11,1,0.56889176,1
2016-08-12,1,0.75102365,1
2016-08-15,0,0.6341178,1
2016-08-16,0,0.6106732,1
2016-08-17,0,0.52356976,1
2016-08-18,1,0.7395105,1
2016-08-19,0,0.5147358,1
2016-08-22,1,0.43217504,0
2016-08-23,0,0.43349493,0
2016-08-24,0,0.37785175,0
2016-08-25,0,0.35936746,0
2016-08-26,0,0.667525,1
2016-08-29,0,0.40723577,0
2016-08-30,1,0.36303166,0
2016-08-31,1,0.30702788,0
2016-09-01,1,0.46778032,0
2016-09-02,0,0.3934694,0
2016-09-06,1,0.5681825,1
2016-09-07,0,0.54075533,1
2016-09-08,0,0.5337969,1
2016-09-09,1,0.40440717,0
2016-09-12,1,0.37732762,0
2016-09-13,1,0.42964998,0
2016-09-14,1,0.5162618,1
2016-09-15,0,0.46095428,0
2016-09-16,0,0.74231356,1
2016-09-19,0,0.49730992,0
2016-09-20,0,0.597703,1
2016-09-21,1,0.49644408,0
2016-09-22,0,0.709972,1
2016-09-23,1,0.59245205,1
2016-09-26,1,0.54240775,1
2016-09-27,1,0.54662555,1
2016-09-28,0,0.3818253,0
2016-09-29,1,0.5270843,1
2016-09-30,0,0.37616727,0
2016-10-03,1,0.609494,1
2016-10-04,1,0.46943405,0
2016-10-05,1,0.44985494,0
2016-10-06,1,0.41222164,0
2016-10-07,1,0.3211004,0
2016-10-10,1,0.3479977,0
2016-10-11,1,0.5660489,1
2016-10-12,0,0.44523773,0
2016-10-13,1,0.4548746,0
2016-10-14,0,0.29676318,0
2016-10-17,0,0.320968,0
2016-10-18,0,0.5798805,1
2016-10-19,0,0.44971916,0
2016-10-20,0,0.14443713,0
2016-10-21,1,0.51183915,1
2016-10-24,1,0.29599538,0
2016-10-25,0,0.17269562,0
2016-10-26,0,0.32073748,0
2016-10-27,0,0.46506047,0
2016-10-28,0,0.708516,1
2016-10-31,0,0.6671042,1
2016-11-01,1,0.81702334,1
2016-11-02,0,0.37462008,0
2016-11-03,0,0.4435126,0
2016-11-04,1,0.44414032,0
2016-11-07,1,0.38381785,0
2016-11-08,0,0.5232284,1
2016-11-09,0,0.29719162,0
2016-11-10,1,0.55434215,1
2016-11-11,0,0.49654704,0
2016-11-14,1,0.6779854,1
2016-11-15,1,0.46611634,0
2016-11-16,0,0.45858553,0
2016-11-17,1,0.58302116,1
2016-11-18,1,0.45004055,0
2016-11-21,1,0.5791153,1
2016-11-22,0,0.56309026,1
2016-11-23,1,0.5358543,1
2016-11-25,0,0.4020787,0
2016-11-28,0,0.2921047,0
2016-11-29,0,0.2838135,0
2016-11-30,0,0.34526607,0
2016-12-01,1,0.46699402,0
2016-12-02,0,0.54470503,1
2016-12-05,1,0.5682111,1
2016-12-06,1,0.37316158,0
2016-12-07,1,0.27267137,0
2016-12-08,1,0.63423926,1
2016-12-09,0,0.17254996,0
2016-12-12,1,0.5391577,1
2016-12-13,0,0.35219502,0
2016-12-14,1,0.72114867,1
2016-12-15,1,0.6397874,1
2016-12-16,1,0.48810026,0
2016-12-19,1,0.55316055,1
2016-12-20,1,0.45017385,0
2016-12-21,0,0.62123644,1
2016-12-22,1,0.26507184,0
2016-12-23,1,0.11724115,0
2016-12-27,0,0.24877803,0
2016-12-28,0,0.21152106,0
2016-12-29,0,0.50561905,1
2016-12-30,1,0.37770772,0
2017-01-03,0,0.20227005,0
2017-01-04,1,0.31112194,0
2017-01-05,1,0.38487333,0
2017-01-06,1,0.5583637,1
2017-01-09,1,0.6284194,1
2017-01-10,1,0.4183475,0
2017-01-11,0,0.63214594,1
2017-01-12,0,0.35958198,0
2017-01-13,1,0.5404487,1
2017-01-17,0,0.38214734,0
2017-01-18,0,0.49324635,0
2017-01-19,1,0.40587616,0
2017-01-20,1,0.5203048,1
2017-01-23,0,0.29235947,0
2017-01-24,1,0.41280532,0
2017-01-25,1,0.44175604,0
2017-01-26,1,0.42156604,0
2017-01-27,0,0.6355409,1
2017-01-30,0,0.30668038,0
2017-01-31,1,0.47009924,0
2017-02-01,0,0.3433905,0
2017-02-02,1,0.33888382,0
2017-02-03,1,0.32277787,0
2017-02-06,1,0.45570427,0
2017-02-07,1,0.3782548,0
2017-02-08,1,0.4636709,0
2017-02-09,0,0.5297832,1
2017-02-10,1,0.37674716,0
2017-02-13,1,0.40470088,0
2017-02-14,1,0.34698814,0
2017-02-15,0,0.46146375,0
2017-02-16,1,0.38697624,0
2017-02-17,1,0.44755694,0
2017-02-21,1,0.4257448,0
2017-02-22,0,0.48565713,0
2017-02-23,1,0.33221343,0
2017-02-24,1,0.3575387,0
2017-02-27,1,0.3453711,0
2017-02-28,1,0.49614182,0
2017-03-01,0,0.40106967,0
2017-03-02,1,0.40715808,0
2017-03-03,0,0.3648102,0
2017-03-06,1,0.29291362,0
2017-03-07,0,0.30549315,0
2017-03-08,0,0.2282964,0
2017-03-09,1,0.31353292,0
2017-03-10,1,0.5518945,1
2017-03-13,0,0.40256855,0
2017-03-14,1,0.6051518,1
2017-03-15,1,0.44169158,0
2017-03-16,0,0.53254575,1
2017-03-17,1,0.25065333,0
2017-03-20,0,0.43587846,0
2017-03-21,1,0.34144753,0
2017-03-22,0,0.2903617,0
2017-03-23,0,0.25898436,0
2017-03-24,1,0.33005157,0
2017-03-27,1,0.289672,0
2017-03-28,1,0.3915463,0
2017-03-29,0,0.33624113,0
2017-03-30,0,0.29119068,0
2017-03-31,1,0.2818347,0
2017-04-03,1,0.2261459,0
2017-04-04,0,0.28444922,0
2017-04-05,0,0.3005619,0
2017-04-06,0,0.34211916,0
2017-04-07,0,0.35631412,0
2017-04-10,0,0.50305027,1
2017-04-11,1,0.64635617,1
2017-04-12,0,0.35714456,0
2017-04-13,1,0.34192485,0
2017-04-17,0,0.21300152,0
2017-04-18,0,0.38949692,0
2017-04-19,1,0.6052343,1
2017-04-20,0,0.5987384,1
2017-04-21,1,0.5323371,1
2017-04-24,1,0.6861732,1
2017-04-25,0,0.420011,0
2017-04-26,1,0.51713467,1
2017-04-27,0,0.34536552,0
2017-04-28,1,0.4045247,0
2017-05-01,1,0.445994,0
2017-05-02,0,0.48564678,0
2017-05-03,0,0.28265977,0
2017-05-04,1,0.32901883,0
2017-05-05,1,0.4044503,0
2017-05-08,1,0.22069472,0
2017-05-09,0,0.39612442,0
2017-05-10,1,0.64042175,1
2017-05-11,1,0.52238566,1
2017-05-12,0,0.52311337,1
2017-05-15,0,0.7358069,1
2017-05-16,0,0.702454,1
2017-05-17,1,0.5875248,1
2017-05-18,1,0.6891849,1
2017-05-19,1,0.61098075,1
2017-05-22,0,0.53027636,1
2017-05-23,0,0.5402541,1
2017-05-24,1,0.595343,1
2017-05-25,0,0.43947402,0
2017-05-26,1,0.5237193,1
2017-05-30,0,0.451644,0
2017-05-31,1,0.3899591,0
2017-06-01,1,0.25687638,0
2017-06-02,0,0.44509667,0
2017-06-05,1,0.33787665,0
2017-06-06,1,0.44529146,0
2017-06-07,0,0.36313564,0
2017-06-08,0,0.5378011,1
2017-06-09,0,0.46382034,0
2017-06-12,1,0.56819654,1
2017-06-13,0,0.48683238,0
2017-06-14,0,0.5849928,1
2017-06-15,0,0.59554654,1
2017-06-16,1,0.64037573,1
2017-06-19,0,0.44036824,0
2017-06-20,1,0.51225907,1
2017-06-21,0,0.3731703,0
2017-06-22,1,0.59515786,1
2017-06-23,0,0.4381187,0
2017-06-26,0,0.5661431,1
2017-06-27,1,0.57685465,1
2017-06-28,0,0.38632762,0
2017-06-29,1,0.54696655,1
2017-06-30,0,0.36764857,0
2017-07-03,1,0.40555257,0
2017-07-05,0,0.4990524,0
2017-07-06,1,0.45491594,0
2017-07-07,1,0.2990298,0
2017-07-10,1,0.38500276,0
2017-07-11,1,0.50111216,1
2017-07-12,1,0.49919662,0
2017-07-13,1,0.5287488,1
2017-07-14,1,0.5280804,1
2017-07-17,1,0.5936774,1
2017-07-18,1,0.41003904,0
2017-07-19,0,0.5986757,1
2017-07-20,0,0.46965834,0
2017-07-21,1,0.3668119,0
2017-07-24,1,0.37779218,0
2017-07-25,1,0.49857873,0
2017-07-26,0,0.5329149,1
2017-07-27,0,0.52097285,1
2017-07-28,0,0.33443022,0
2017-07-31,1,0.63967,1
2017-08-01,1,0.379382,0
2017-08-02,0,0.51184565,1
2017-08-03,1,0.6470134,1
2017-08-04,1,0.46608433,0
2017-08-07,1,0.617951,1
2017-08-08,1,0.49059388,0
2017-08-09,0,0.5598151,1
2017-08-10,1,0.66039956,1
2017-08-11,1,0.46066508,0
2017-08-14,1,0.54144216,1
2017-08-15,0,0.72793335,1
2017-08-16,0,0.6280572,1
2017-08-17,0,0.62712556,1
2017-08-18,0,0.5644945,1
2017-08-21,1,0.49376947,0
2017-08-22,1,0.3986311,0
2017-08-23,0,0.37102988,0
2017-08-24,1,0.64530605,1
2017-08-25,1,0.3165964,0
2017-08-28,1,0.45386633,0
2017-08-29,1,0.4242252,0
2017-08-30,1,0.46275306,0
2017-08-31,1,0.41175172,0
2017-09-01,0,0.4877451,0
2017-09-05,0,0.63929504,1
2017-09-06,0,0.38690636,0
2017-09-07,0,0.5896869,1
2017-09-08,1,0.5657316,1
2017-09-11,0,0.43359223,0
2017-09-12,0,0.51902515,1
2017-09-13,0,0.3600188,0
2017-09-14,1,0.3679633,0
2017-09-15,0,0.30148503,0
2017-09-18,1,0.35620642,0
2017-09-19,0,0.3497117,0
2017-09-20,0,0.38463354,0
2017-09-21,0,0.5407347,1
2017-09-22,0,0.56995213,1
2017-09-25,1,0.6405608,1
2017-09-26,1,0.3689801,0
2017-09-27,0,0.2263083,0
2017-09-28,1,0.42463773,0
2017-09-29,0,0.37293875,0
2017-10-02,1,0.5167026,1
2017-10-03,0,0.33315545,0
2017-10-04,1,0.52132106,1
2017-10-05,0,0.5368248,1
2017-10-06,1,0.41384548,0
2017-10-09,1,0.57612014,1
2017-10-10,1,0.5864652,1
2017-10-11,0,0.62837636,1
2017-10-12,1,0.6232755,1
2017-10-13,1,0.45137528,0
2017-10-16,1,0.5774063,1
2017-10-17,0,0.46274745,0
2017-10-18,0,0.33373266,0
2017-10-19,1,0.33560625,0
2017-10-20,0,0.40553004,0
2017-10-23,1,0.42284453,0
2017-10-24,0,0.36082348,0
2017-10-25,1,0.44343406,0
2017-10-26,1,0.3054682,0
2017-10-27,1,0.3549809,0
2017-10-30,1,0.4106875,0
2017-10-31,0,0.4764406,0
2017-11-01,1,0.44426218,0
2017-11-02,1,0.47940382,0
2017-11-03,1,0.49552366,0
2017-11-06,1,0.5666885,1
2017-11-07,1,0.49336812,0
2017-11-08,0,0.5418184,1
2017-11-09,0,0.4670424,0
2017-11-10,0,0.413866,0
2017-11-13,0,0.385394,0
2017-11-14,0,0.6176092,1
2017-11-15,1,0.5605613,1
2017-11-16,0,0.6209355,1
2017-11-17,0,0.6079153,1
2017-11-20,1,0.5142368,1
2017-11-21,1,0.46421278,0
2017-11-22,1,0.6824555,1
2017-11-24,0,0.497265,0
2017-11-27,0,0.6799446,1
2017-11-28,0,0.6409951,1
2017-11-29,1,0.52927524,1
2017-11-30,0,0.3951135,0
2017-12-01,0,0.38155848,0
2017-12-04,0,0.31253725,0
2017-12-05,0,0.32045707,0
2017-12-06,1,0.31508207,0
2017-12-07,1,0.32747793,0
2017-12-08,1,0.41833958,0
2017-12-11,0,0.35179463,0
2017-12-12,1,0.31776077,0
2017-12-13,0,0.52303416,1
2017-12-14,1,0.36589146,0
2017-12-15,1,0.30814853,0
2017-12-18,0,0.5742992,1
2017-12-19,0,0.4677877,0
2017-12-20,1,0.39435723,0
2017-12-21,0,0.39097795,0
2017-12-22,0,0.19700967,0
2017-12-26,1,0.2517267,0
2017-12-27,1,0.34566435,0
2017-12-28,0,0.2877643,0
2017-12-29,1,0.58224195,1
2018-01-02,0,0.3927785,0
2018-01-03,1,0.4786272,0
2018-01-04,1,0.40500924,0
2018-01-05,0,0.46143267,0
2018-01-08,0,0.4693399,0
2018-01-09,0,0.6832564,1
2018-01-10,1,0.45335525,0
2018-01-11,1,0.34893847,0
2018-01-12,0,0.44190153,0
2018-01-16,1,0.4022056,0
2018-01-17,1,0.42484334,0
2018-01-18,0,0.38193202,0
2018-01-19,0,0.38806137,0
2018-01-22,1,0.4478681,0
2018-01-23,0,0.37079042,0
2018-01-24,0,0.52203137,1
2018-01-25,1,0.41123325,0
2018-01-26,0,0.44132555,0
2018-01-29,0,0.5309614,1
2018-01-30,1,0.46206394,0
2018-01-31,1,0.4676797,0
2018-02-01,0,0.41407704,0
2018-02-02,0,0.6623672,1
2018-02-05,1,0.5479781,1
2018-02-06,0,0.33949882,0
2018-02-07,0,0.51555216,1
2018-02-08,1,0.48599568,0
2018-02-09,1,0.47209698,0
2018-02-12,1,0.41077223,0
2018-02-13,1,0.50678986,1
2018-02-14,1,0.38013673,0
2018-02-15,0,0.5144672,1
2018-02-16,0,0.5816019,1
2018-02-20,0,0.5086768,1
2018-02-21,1,0.50551325,1
2018-02-22,1,0.6002703,1
2018-02-23,1,0.61202127,1
2018-02-26,0,0.47736657,0
2018-02-27,0,0.4915309,0
2018-02-28,0,0.5376551,1
2018-03-01,1,0.54086196,1
2018-03-02,1,0.366775,0
2018-03-05,0,0.46000284,0
2018-03-06,0,0.5177673,1
2018-03-07,1,0.6127948,1
2018-03-08,1,0.64596885,1
2018-03-09,1,0.58752394,1
2018-03-12,0,0.6857261,1
2018-03-13,0,0.6364089,1
2018-03-14,1,0.72458136,1
2018-03-15,0,0.67572707,1
2018-03-16,0,0.53122646,1
2018-03-19,0,0.4373353,0
2018-03-20,0,0.3969174,0
2018-03-21,0,0.60601276,1
2018-03-22,0,0.5789323,1
2018-03-23,1,0.5277135,1
2018-03-26,0,0.34485748,0
2018-03-27,0,0.5852576,1
2018-03-28,1,0.6182231,1
2018-03-29,0,0.45388886,0
2018-04-02,1,0.53539073,1
2018-04-03,1,0.47908342,0
2018-04-04,1,0.3999405,0
2018-04-05,0,0.7119082,1
2018-04-06,1,0.6709026,1
2018-04-09,1,0.5052272,1
2018-04-10,0,0.67957824,1
2018-04-11,1,0.6114564,1
2018-04-12,1,0.5580279,1
2018-04-13,1,0.5115739,1
2018-04-16,1,0.34157813,0
2018-04-17,0,0.4106239,0
2018-04-18,0,0.34458348,0
2018-04-19,0,0.6198504,1
2018-04-20,0,0.44465798,0
2018-04-23,0,0.51565075,1
2018-04-24,1,0.5465257,1
2018-04-25,1,0.51007503,1
2018-04-26,0,0.50166607,1
2018-04-27,1,0.7770417,1
2018-04-30,1,0.43209302,0
2018-05-01,1,0.33058578,0
2018-05-02,1,0.5026638,1
2018-05-03,1,0.62576884,1
2018-05-04,1,0.5727877,1
2018-05-07,1,0.42194518,0
2018-05-08,1,0.45426852,0
2018-05-09,1,0.34272733,0
2018-05-10,0,0.43133837,0
2018-05-11,0,0.22984594,0
2018-05-14,0,0.27419525,0
2018-05-15,1,0.3485869,0
2018-05-16,0,0.28643796,0
2018-05-17,0,0.26974022,0
2018-05-18,1,0.29030204,0
2018-05-21,0,0.2967601,0
2018-05-22,1,0.3208028,0
2018-05-23,0,0.46577993,0
2018-05-24,1,0.47010252,0
2018-05-25,0,0.3442234,0
2018-05-29,0,0.59047675,1
2018-05-30,0,0.5161205,1
2018-05-31,1,0.5382544,1
2018-06-01,1,0.565397,1
2018-06-04,1,0.5831433,1
2018-06-05,1,0.44428927,0
2018-06-06,0,0.29277024,0
2018-06-07,0,0.2348945,0
2018-06-08,0,0.35561827,0
2018-06-11,1,0.22808369,0
2018-06-12,0,0.24137011,0
2018-06-13,1,0.4190565,0
2018-06-14,0,0.32873204,0
2018-06-15,0,0.43579078,0
2018-06-18,0,0.28856164,0
2018-06-19,1,0.37169236,0
2018-06-20,0,0.36199552,0
2018-06-21,0,0.50251687,1
2018-06-22,0,0.66351986,1
2018-06-25,1,0.60547256,1
2018-06-26,0,0.36012292,0
2018-06-27,1,0.5801509,1
2018-06-28,0,0.32680658,0
2018-06-29,1,0.67742765,1
2018-07-02,0,0.42482492,0
2018-07-03,1,0.5794414,1
2018-07-05,1,0.366507,0
2018-07-06,1,0.4863939,0
2018-07-09,0,0.4048613,0
2018-07-10,0,0.33865422,0
2018-07-11,1,0.48314583,0
2018-07-12,1,0.37418172,0
2018-07-13,0,0.28785646,0
2018-07-16,1,0.37622717,0
2018-07-17,0,0.43257257,0
2018-07-18,1,0.46549857,0
2018-07-19,0,0.46384874,0
2018-07-20,1,0.43079385,0
2018-07-23,1,0.41852096,0
2018-07-24,1,0.33811215,0
2018-07-25,0,0.38684687,0
2018-07-26,0,0.38972744,0
2018-07-27,0,0.70776874,1
2018-07-30,1,0.551988,1
2018-07-31,1,0.4908404,0
2018-08-01,1,0.6506441,1
2018-08-02,1,0.76650554,1
2018-08-03,1,0.6400073,1
2018-08-06,0,0.5858188,1
2018-08-07,1,0.48735735,0
2018-08-08,1,0.42383242,0
2018-08-09,0,0.4028804,0
2018-08-10,1,0.3273698,0
2018-08-13,1,0.42016065,0
2018-08-14,1,0.28348908,0
2018-08-15,1,0.40363467,0
2018-08-16,1,0.36782494,0
2018-08-17,0,0.37697923,0
2018-08-20,0,0.2642222,0
2018-08-21,1,0.31677932,0
2018-08-22,1,0.31498045,0
2018-08-23,1,0.3554608,0
2018-08-24,1,0.39456803,0
2018-08-27,1,0.38052276,0
2018-08-28,1,0.6328385,1
2018-08-29,1,0.51924473,1
2018-08-30,1,0.6819519,1
2018-08-31,1,0.5958017,1
2018-09-04,0,0.5799079,1
2018-09-05,0,0.40692693,0
2018-09-06,0,0.5556721,1
2018-09-07,0,0.6362034,1
2018-09-10,1,0.7100933,1
2018-09-11,0,0.5811455,1
2018-09-12,1,0.7736247,1
2018-09-13,0,0.6316666,1
2018-09-14,0,0.60412955,1
2018-09-17,1,0.54280436,1
2018-09-18,1,0.4544016,0
2018-09-19,1,0.34023577,0
2018-09-20,0,0.34485593,0
2018-09-21,1,0.2914207,0
2018-09-24,1,0.4636047,0
2018-09-25,0,0.4256665,0
2018-09-26,1,0.4252695,0
2018-09-27,1,0.44720587,0
2018-09-28,1,0.41715676,0
2018-10-01,1,0.34580806,0
2018-10-02,1,0.40017372,0
2018-10-03,0,0.42024383,0
2018-10-04,0,0.38759196,0
2018-10-05,0,0.3580306,0
2018-10-08,1,0.38248843,0
2018-10-09,0,0.43541032,0
2018-10-10,0,0.69375813,1
2018-10-11,1,0.54096544,1
2018-10-12,0,0.47498545,0
2018-10-15,1,0.6702987,1
2018-10-16,0,0.5618244,1
2018-10-17,0,0.7404538,1
2018-10-18,1,0.78214014,1
2018-10-19,1,0.6149847,1
2018-10-22,1,0.70580167,1
2018-10-23,0,0.6287406,1
2018-10-24,1,0.76631534,1
2018-10-25,0,0.7780105,1
2018-10-26,0,0.72995234,1
2018-10-29,1,0.72787744,1
2018-10-30,1,0.64242107,1
2018-10-31,1,0.71125704,1
2018-11-01,0,0.7056448,1
2018-11-02,0,0.65932596,1
2018-11-05,1,0.55134565,1
2018-11-06,1,0.5821223,1
2018-11-07,0,0.61548537,1
2018-11-08,0,0.5702276,1
2018-11-09,0,0.7506266,1
2018-11-12,0,0.7016066,1
2018-11-13,0,0.62252074,1
2018-11-14,1,0.6943797,1
2018-11-15,1,0.5663325,1
2018-11-16,0,0.57362497,1
2018-11-19,0,0.6954992,1
2018-11-20,0,0.7464833,1
2018-11-21,0,0.611731,1
2018-11-23,1,0.6384739,1
2018-11-26,0,0.64960593,1
2018-11-27,1,0.65128076,1
2018-11-28,0,0.6861295,1
2018-11-29,0,0.76159763,1
2018-11-30,1,0.7637214,1
2018-12-03,0,0.77128094,1
2018-12-04,0,0.8111179,1
2018-12-06,0,0.77509373,1
2018-12-07,1,0.7975665,1
2018-12-10,0,0.52005905,1
2018-12-11,1,0.74451274,1
2018-12-12,1,0.6287019,1
2018-12-13,0,0.6340904,1
2018-12-14,0,0.8591127,1
2018-12-17,1,0.84606606,1
2018-12-18,0,0.8000779,1
2018-12-19,0,0.75203234,1
2018-12-20,0,0.7822931,1
2018-12-21,0,0.80140936,1
2018-12-24,1,0.737961,1
2018-12-26,0,0.5729147,1
2018-12-27,1,0.62927616,1
2018-12-28,1,0.80864286,1
2018-12-31,1,0.721022,1
2019-01-02,0,0.75372785,1
2019-01-03,1,0.77946556,1
2019-01-04,0,0.62721944,1
2019-01-07,1,0.7192155,1
2019-01-08,1,0.42278183,0
2019-01-09,1,0.4100658,0
2019-01-10,0,0.4757197,0
2019-01-11,0,0.64203066,1
2019-01-14,1,0.6650872,1
2019-01-15,1,0.5323301,1
2019-01-16,1,0.6122656,1
2019-01-17,1,0.65459424,1
2019-01-18,0,0.48684376,0
2019-01-22,1,0.74267584,1
2019-01-23,0,0.51109993,1
2019-01-24,1,0.5665252,1
2019-01-25,0,0.5947632,1
2019-01-28,0,0.5824444,1
2019-01-29,1,0.51380765,1
2019-01-30,1,0.6678714,1
2019-01-31,1,0.697116,1
2019-02-01,1,0.7547832,1
2019-02-04,1,0.73382324,1
2019-02-05,1,0.6489194,1
2019-02-06,0,0.4775487,0
2019-02-07,1,0.78380173,1
2019-02-08,0,0.7182123,1
2019-02-11,1,0.6808527,1
2019-02-12,0,0.7379141,1
2019-02-13,1,0.49247348,0
2019-02-14,0,0.5525717,1
2019-02-15,1,0.55384195,1
2019-02-19,1,0.50095373,1
2019-02-20,0,0.5567488,1
2019-02-21,1,0.59074533,1
2019-02-22,1,0.55570126,1
2019-02-25,1,0.7021457,1
2019-02-26,1,0.49555346,0
2019-02-27,0,0.6266994,1
2019-02-28,1,0.5452458,1
2019-03-01,1,0.53833187,1
2019-03-04,0,0.54723006,1
2019-03-05,0,0.27763516,0
2019-03-06,0,0.37914976,0
2019-03-07,1,0.6966435,1
2019-03-08,1,0.4568253,0
2019-03-11,1,0.6432838,1
2019-03-12,1,0.55411613,1
2019-03-13,1,0.3470071,0
2019-03-14,1,0.4394333,0
2019-03-15,1,0.4249546,0
2019-03-18,0,0.40854165,0
2019-03-19,1,0.37177622,0
2019-03-20,1,0.5341856,1
2019-03-21,0,0.5466959,1
2019-03-22,0,0.6862415,1
2019-03-25,0,0.6431992,1
2019-03-26,1,0.590583,1
2019-03-27,1,0.66758955,1
2019-03-28,1,0.57543045,1
2019-03-29,1,0.51509875,1
2019-04-01,1,0.63080204,1
2019-04-02,1,0.7197656,1
2019-04-03,1,0.8003521,1
2019-04-04,1,0.6037182,1
2019-04-05,1,0.7436687,1
2019-04-08,0,0.72190577,1
2019-04-09,1,0.53269184,1
2019-04-10,0,0.596438,1
2019-04-11,0,0.54957205,1
2019-04-12,1,0.48612428,0
2019-04-15,1,0.7104187,1
2019-04-16,1,0.60439634,1
2019-04-17,1,0.60099477,1
2019-04-18,1,0.80169547,1
2019-04-22,1,0.67377156,1
2019-04-23,0,0.55987304,1
2019-04-24,0,0.6841348,1
2019-04-25,0,0.6856781,1
2019-04-26,1,0.6741795,1
2019-04-29,0,0.7513948,1
2019-04-30,1,0.65706146,1
2019-05-01,0,0.6962448,1
2019-05-02,1,0.58730084,1
2019-05-03,0,0.8602462,1
2019-05-06,0,0.47686952,0
2019-05-07,1,0.60620373,1
2019-05-08,0,0.526254,1
2019-05-09,0,0.62537915,1
2019-05-10,0,0.6806744,1
2019-05-13,1,0.35044158,0
2019-05-14,1,0.43703604,0
2019-05-15,0,0.42993703,0
2019-05-16,0,0.6526939,1
2019-05-17,0,0.63902307,1
2019-05-20,1,0.7479425,1
2019-05-21,0,0.4651831,0
2019-05-22,0,0.6318437,1
2019-05-23,0,0.62665755,1
2019-05-24,0,0.5027535,1
2019-05-28,0,0.5827304,1
2019-05-29,1,0.47150275,0
2019-05-30,0,0.3138483,0
2019-05-31,0,0.6717819,1
2019-06-03,1,0.6226484,1
2019-06-04,1,0.21133627,0
2019-06-05,1,0.63523614,1
2019-06-06,1,0.54281723,1
2019-06-07,1,0.5779127,1
2019-06-10,1,0.70265466,1
2019-06-11,0,0.70908594,1
2019-06-12,0,0.4051154,0
2019-06-13,0,0.542445,1
2019-06-14,1,0.5410945,1
2019-06-17,1,0.40533528,0
2019-06-18,0,0.52840406,1
2019-06-19,1,0.36991048,0
2019-06-20,0,0.30468947,0
2019-06-21,0,0.28986898,0
2019-06-24,0,0.36749333,0
2019-06-25,1,0.3904712,0
2019-06-26,0,0.5478771,1
2019-06-27,0,0.46620804,0
2019-06-28,1,0.49131274,0
2019-07-01,1,0.61970454,1
2019-07-02,1,0.6419675,1
2019-07-03,0,0.54342693,1
2019-07-05,0,0.31135997,0
2019-07-08,1,0.492287,0
2019-07-09,1,0.51182616,1
2019-07-10,0,0.6116077,1
2019-07-11,1,0.7155077,1
2019-07-12,1,0.3899446,0
2019-07-15,0,0.4169683,0
2019-07-16,0,0.3693297,0
2019-07-17,1,0.4747216,0
2019-07-18,0,0.39741033,0
2019-07-19,1,0.6513996,1
2019-07-22,1,0.4075823,0
2019-07-23,0,0.39321926,0
2019-07-24,0,0.18733832,0
2019-07-25,1,0.3164235,0
2019-07-26,1,0.30299196,0
2019-07-29,0,0.3972525,0
2019-07-30,1,0.42345756,0
2019-07-31,0,0.61736184,1
2019-08-01,0,0.58773386,1
2019-08-02,0,0.7054004,1
2019-08-05,1,0.41981268,0
2019-08-06,1,0.46201384,0
2019-08-07,1,0.3858352,0
2019-08-08,0,0.3388243,0
2019-08-09,0,0.5194518,1
2019-08-12,1,0.44432938,0
2019-08-13,0,0.334152,0
2019-08-14,0,0.62916565,1
2019-08-15,1,0.531367,1
2019-08-16,1,0.45726934,0
2019-08-19,1,0.61189055,1
2019-08-20,1,0.6314084,1
2019-08-21,0,0.49828014,0
2019-08-22,0,0.4870661,0
2019-08-23,1,0.47943756,0
2019-08-26,0,0.4350905,0
2019-08-27,1,0.669192,1
2019-08-28,1,0.39874905,0
2019-08-29,0,0.505228,1
2019-08-30,0,0.6771055,1
2019-09-03,1,0.7725177,1
2019-09-04,1,0.5630262,1
2019-09-05,0,0.6146501,1
2019-09-06,1,0.49297804,0
2019-09-09,1,0.5116781,1
2019-09-10,1,0.4505797,0
2019-09-11,0,0.31060347,0
2019-09-12,0,0.44353494,0
2019-09-13,1,0.6446718,1
2019-09-16,1,0.48430142,0
2019-09-17,1,0.5187902,1
2019-09-18,0,0.5220231,1
2019-09-19,0,0.3962357,0
2019-09-20,1,0.44638544,0
2019-09-23,0,0.4134289,0
2019-09-24,1,0.53128976,1
2019-09-25,0,0.46426663,0
2019-09-26,0,0.4814812,0
2019-09-27,1,0.63885325,1
2019-09-30,1,0.41721743,0
2019-10-01,0,0.52558494,1
2019-10-02,1,0.63865525,1
2019-10-03,1,0.45908567,0
2019-10-04,1,0.6750022,1
2019-10-07,0,0.52494943,1
2019-10-08,1,0.48463494,0
2019-10-09,1,0.35391027,0
2019-10-10,1,0.5790548,1
2019-10-11,0,0.55557317,1
2019-10-14,0,0.3737647,0
2019-10-15,0,0.46852174,0
2019-10-16,1,0.5121133,1
2019-10-17,1,0.47030777,0
2019-10-18,1,0.52403784,1
2019-10-21,0,0.60458416,1
2019-10-22,1,0.35548925,0
2019-10-23,1,0.35950422,0
2019-10-24,1,0.39886078,0
2019-10-25,1,0.39958173,0
2019-10-28,0,0.2758922,0
2019-10-29,0,0.42892402,0
2019-10-30,1,0.4784648,0
2019-10-31,1,0.538235,1
2019-11-01,1,0.4733967,0
2019-11-04,0,0.27306852,0
2019-11-05,1,0.2579277,0
2019-11-06,1,0.35785556,0
2019-11-07,1,0.26070416,0
2019-11-08,1,0.35393173,0
2019-11-11,0,0.3949487,0
2019-11-12,1,0.36721998,0
2019-11-13,0,0.41928616,0
2019-11-14,1,0.41608417,0
2019-11-15,1,0.5109964,1
2019-11-18,0,0.377613,0
2019-11-19,0,0.3036255,0
2019-11-20,0,0.40205702,0
2019-11-21,0,0.58601373,1
2019-11-22,1,0.47929996,0
2019-11-25,0,0.36448875,0
2019-11-26,1,0.5617842,1
2019-11-27,0,0.44488788,0
2019-11-29,0,0.4088655,0
2019-12-02,0,0.62666416,1
2019-12-03,1,0.5073116,1
2019-12-04,1,0.44121647,0
2019-12-05,1,0.613164,1
2019-12-06,0,0.60717535,1
2019-12-09,1,0.5725004,1
2019-12-10,1,0.54615426,1
2019-12-11,1,0.45476067,0
2019-12-12,1,0.31075624,0
2019-12-13,1,0.41604736,0
2019-12-16,1,0.4876931,0
2019-12-17,0,0.34526578,0
2019-12-18,1,0.24440745,0
2019-12-19,0,0.344818,0
2019-12-20,1,0.3043415,0
2019-12-23,1,0.44850773,0
2019-12-24,1,0.28676435,0
2019-12-26,0,0.29043964,0
2019-12-27,1,0.24892843,0
2019-12-30,1,0.36714908,0
2019-12-31,1,0.34378418,0
2020-01-02,0,0.25195417,0
2020-01-03,1,0.24514876,0
2020-01-06,0,0.32414833,0
2020-01-07,1,0.29133898,0
2020-01-08,1,0.47157547,0
2020-01-09,1,0.51589143,1
2020-01-10,1,0.6254149,1
2020-01-13,0,0.3760136,0
2020-01-14,0,0.6611275,1
2020-01-15,1,0.6413817,1
2020-01-16,1,0.75547606,1
2020-01-17,0,0.61499375,1
2020-01-21,1,0.6839445,1
2020-01-22,1,0.7803411,1
2020-01-23,0,0.8213859,1
2020-01-24,0,0.63589156,1
2020-01-27,1,0.7672979,1
2020-01-28,1,0.5351873,1
2020-01-29,0,0.5111597,1
2020-01-30,0,0.69880223,1
2020-01-31,0,0.57160026,1
2020-02-03,1,0.5315915,1
2020-02-04,1,0.42682803,0
2020-02-05,1,0.68354666,1
2020-02-06,0,0.57349944,1
2020-02-07,1,0.7801501,1
2020-02-10,0,0.77232,1
2020-02-11,1,0.7775623,1
2020-02-12,0,0.5946756,1
2020-02-13,1,0.68019634,1
2020-02-14,0,0.59002936,1
2020-02-18,1,0.5527117,1
2020-02-19,0,0.6345366,1
2020-02-20,0,0.8244879,1
2020-02-21,0,0.7833322,1
2020-02-24,0,0.58087224,1
2020-02-25,1,0.73928744,1
2020-02-26,0,0.5449088,1
2020-02-27,0,0.51979846,1
2020-02-28,1,0.29083467,0
2020-03-02,0,0.46433955,0
2020-03-03,1,0.6798295,1
2020-03-04,0,0.59532577,1
2020-03-05,0,0.7320853,1
2020-03-06,0,0.6192214,1
2020-03-09,1,0.61372775,1
2020-03-10,0,0.40103465,0
2020-03-11,0,0.73926294,1
2020-03-12,1,0.4894777,0
2020-03-13,0,0.38244984,0
2020-03-16,1,0.6762837,1
2020-03-17,0,0.45092547,0
2020-03-18,0,0.58725405,1
2020-03-19,0,0.6918467,1
2020-03-20,0,0.48490027,0
2020-03-23,1,0.76133364,1
2020-03-24,0,0.40513787,0
2020-03-25,1,0.66156507,1
2020-03-26,0,0.64858943,1
2020-03-27,1,0.6401857,1
2020-03-30,0,0.74643546,1
2020-03-31,0,0.6632932,1
2020-04-01,1,0.61411464,1
2020-04-02,0,0.5686253,1
2020-04-03,1,0.62819827,1
2020-04-06,0,0.4091871,0
2020-04-07,1,0.65218693,1
2020-04-08,1,0.64422923,1
2020-04-09,1,0.6578801,1
2020-04-13,1,0.23407167,0
2020-04-14,0,0.30610135,0
2020-04-15,1,0.594128,1
2020-04-16,0,0.6185371,1
2020-04-17,0,0.59401524,1
2020-04-20,0,0.72377306,1
2020-04-21,1,0.6206103,1
2020-04-22,0,0.7597788,1
2020-04-23,1,0.64867926,1
2020-04-24,1,0.3928001,0
2020-04-27,0,0.6372136,1
2020-04-28,1,0.7081395,1
2020-04-29,1,0.53819025,1
2020-04-30,0,0.5278956,1
2020-05-01,1,0.61655456,1
2020-05-04,1,0.515562,1
2020-05-05,1,0.76326764,1
2020-05-06,1,0.7744903,1
2020-05-07,1,0.6440099,1
2020-05-08,1,0.32810995,0
2020-05-11,0,0.35838765,0
2020-05-12,0,0.6839849,1
2020-05-13,1,0.5895283,1
2020-05-14,0,0.5361811,1
2020-05-15,1,0.5001481,1
2020-05-18,0,0.729416,1
2020-05-19,1,0.6584941,1
2020-05-20,0,0.7557731,1
2020-05-21,1,0.72434133,1
2020-05-22,0,0.61601627,1
2020-05-26,1,0.43223414,0
2020-05-27,1,0.60944146,1
2020-05-28,0,0.5929582,1
2020-05-29,1,0.6746747,1
2020-06-01,1,0.5844485,1
2020-06-02,1,0.53637934,1
2020-06-03,0,0.5744635,1
2020-06-04,1,0.3947758,0
2020-06-05,1,0.4424624,0
2020-06-08,1,0.54602283,1
2020-06-09,1,0.37598863,0
2020-06-10,0,0.4829153,0
2020-06-11,1,0.5680665,1
2020-06-12,1,0.5567205,1
2020-06-15,1,0.50296825,1
2020-06-16,0,0.65992117,1
2020-06-17,1,0.67521256,1
2020-06-18,0,0.7320631,1
2020-06-19,1,0.53057045,1
2020-06-22,1,0.5188485,1
2020-06-23,0,0.57811785,1
2020-06-24,1,0.4963644,0
2020-06-25,0,0.64353424,1
2020-06-26,1,0.4353785,0
2020-06-29,1,0.45067218,0
2020-06-30,0,0.5052391,1
2020-07-01,0,0.59587955,1
2020-07-02,1,0.5712141,1
2020-07-06,0,0.7527795,1
2020-07-07,1,0.57976234,1
2020-07-08,1,0.47225836,0
2020-07-09,1,0.60544366,1
2020-07-10,0,0.471619,0
2020-07-13,1,0.6019296,1
2020-07-14,1,0.6272726,1
2020-07-15,0,0.643716,1
2020-07-16,0,0.6358719,1
2020-07-17,1,0.64872396,1
2020-07-20,0,0.62571347,1
2020-07-21,1,0.5885612,1
2020-07-22,0,0.6017932,1
2020-07-23,0,0.5861806,1
2020-07-24,1,0.46136066,0
2020-07-27,0,0.3876063,0
2020-07-28,1,0.6714149,1
2020-07-29,1,0.38125134,0
2020-07-30,1,0.36823633,0
2020-07-31,1,0.47442016,0
2020-08-03,1,0.40749273,0
2020-08-04,1,0.43682384,0
2020-08-05,1,0.3865634,0
2020-08-06,0,0.2532254,0
2020-08-07,1,0.572015,1
2020-08-10,0,0.3335533,0
2020-08-11,1,0.6383452,1
2020-08-12,1,0.27503788,0
2020-08-13,0,0.24089639,0
2020-08-14,0,0.2935486,0
2020-08-17,1,0.37417758,0
2020-08-18,1,0.2802573,0
2020-08-19,1,0.2891167,0
2020-08-20,1,0.3643622,0
2020-08-21,1,0.25938702,0
2020-08-24,0,0.36541784,0
2020-08-25,1,0.3359518,0
2020-08-26,0,0.329171,0
2020-08-27,0,0.45295697,0
2020-08-28,1,0.35089725,0
2020-08-31,1,0.23696817,0
2020-09-01,0,0.27700946,0
2020-09-02,0,0.37675378,0
2020-09-03,1,0.43415612,0
2020-09-04,0,0.42505848,0
2020-09-08,1,0.47801942,0
2020-09-09,0,0.33393523,0
2020-09-10,0,0.5774039,1
2020-09-11,1,0.5714387,1
2020-09-14,1,0.34006914,0
2020-09-15,0,0.34276515,0
2020-09-16,0,0.57516193,1
2020-09-17,0,0.42949915,0
2020-09-18,1,0.45751226,0
2020-09-21,1,0.23003712,0
2020-09-22,0,0.4344387,0
2020-09-23,1,0.45715696,0
2020-09-24,1,0.18786623,0
2020-09-25,1,0.19893329,0
2020-09-28,0,0.3597101,0
2020-09-29,1,0.32745844,0
2020-09-30,1,0.22411585,0
2020-10-01,0,0.44873226,0
2020-10-02,1,0.44290942,0
2020-10-05,0,0.35875958,0
2020-10-06,1,0.48471457,0
2020-10-07,0,0.2977061,0
2020-10-08,1,0.6558201,1
2020-10-09,1,0.37783125,0
2020-10-12,0,0.5992284,1
2020-10-13,1,0.6215697,1
2020-10-14,0,0.4591426,0
2020-10-15,0,0.5316125,1
2020-10-16,0,0.67602324,1
2020-10-19,1,0.72488725,1
2020-10-20,0,0.45617315,0
2020-10-21,0,0.54411113,1
2020-10-22,0,0.6176867,1
2020-10-23,1,0.67413545,1
2020-10-26,1,0.3876441,0
2020-10-27,0,0.54565674,1
2020-10-28,1,0.5546057,1
2020-10-29,0,0.5357644,1
2020-10-30,0,0.64628285,1
2020-11-02,1,0.5040984,1
2020-11-03,1,0.41501042,0
2020-11-04,1,0.29459354,0
2020-11-05,0,0.32143778,0
2020-11-06,0,0.56338185,1
2020-11-09,0,0.69917583,1
2020-11-10,1,0.63372964,1
2020-11-11,0,0.4632167,0
2020-11-12,1,0.7261376,1
2020-11-13,1,0.60369813,1
2020-11-16,0,0.30681062,0
2020-11-17,0,0.6218696,1
2020-11-18,1,0.7309893,1
2020-11-19,0,0.5662884,1
2020-11-20,0,0.6958119,1
2020-11-23,1,0.6812793,1
2020-11-24,1,0.495787,0
2020-11-25,1,0.550704,1
2020-11-27,1,0.5850494,1
2020-11-30,1,0.5790044,1
2020-12-01,1,0.5133977,1
2020-12-02,0,0.34794936,0
2020-12-03,0,0.36846513,0
2020-12-04,1,0.6718107,1
2020-12-07,1,0.45831835,0
2020-12-08,0,0.33381778,0
2020-12-09,1,0.7457449,1
2020-12-10,0,0.49212492,0
2020-12-11,0,0.68610144,1
2020-12-14,1,0.7264605,1
2020-12-15,0,0.6883304,1
2020-12-16,1,0.42616552,0
2020-12-17,0,0.46857595,0
2020-12-18,1,0.67771405,1
2020-12-21,1,0.5022509,1
2020-12-22,0,0.3037781,0
2020-12-23,1,0.62855583,1
2020-12-24,1,0.40142643,0
2020-12-28,0,0.57760054,1
2020-12-29,0,0.40838978,0
2020-12-30,0,0.6619047,1
2020-12-31,0,0.7739301,1
2021-01-04,1,0.63198084,1
2021-01-05,0,0.44070885,0
2021-01-06,1,0.68068755,1
2021-01-07,1,0.27433184,0
2021-01-08,0,0.341306,0
2021-01-11,0,0.6167602,1
2021-01-12,1,0.41470265,0
2021-01-13,0,0.40073338,0
2021-01-14,0,0.85651755,1
2021-01-15,1,0.7166485,1
2021-01-19,1,0.5129535,1
2021-01-20,1,0.61670214,1
2021-01-21,1,0.28107134,0
2021-01-22,1,0.29134148,0
2021-01-25,1,0.13678463,0
2021-01-26,0,0.20405258,0
2021-01-27,0,0.09426532,0
2021-01-28,0,0.48245537,0
2021-01-29,1,0.75637037,1
2021-02-01,1,0.2963072,0
2021-02-02,0,0.6883285,1
2021-02-03,1,0.5958279,1
2021-02-04,0,0.09832672,0
2021-02-05,1,0.56823534,1
2021-02-08,0,0.29151323,0
2021-02-09,0,0.405168,0
2021-02-10,0,0.46619752,0
2021-02-11,1,0.7396835,1
2021-02-12,0,0.46544567,0
2021-02-16,0,0.7208532,1
2021-02-17,0,0.5492649,1
2021-02-18,1,0.7460778,1
2021-02-19,0,0.4123413,0
2021-02-22,0,0.8397692,1
2021-02-23,0,0.75498164,1
2021-02-24,0,0.79415613,1
2021-02-25,1,0.7252814,1
2021-02-26,1,0.5440526,1
2021-03-01,0,0.31162754,0
2021-03-02,0,0.8245582,1
2021-03-03,0,0.51386124,1
2021-03-04,1,0.5563327,1
2021-03-05,0,0.53787875,1
2021-03-08,1,0.51822126,1
2021-03-09,0,0.23250683,0
2021-03-10,1,0.7489138,1
2021-03-11,0,0.5765141,1
2021-03-12,1,0.5916581,1
2021-03-15,1,0.2776054,0
2021-03-16,0,0.27292955,0
2021-03-17,0,0.56272554,1
2021-03-18,0,0.8266699,1
2021-03-19,1,0.5672411,1
2021-03-22,0,0.22459936,0
2021-03-23,0,0.84826577,1
2021-03-24,1,0.8624694,1
2021-03-25,1,0.46164414,0
2021-03-26,1,0.41805434,0
2021-03-29,0,0.6639426,1
2021-03-30,1,0.62006414,1
2021-03-31,1,0.83934915,1
2021-04-01,1,0.78470033,1
2021-04-05,1,0.4774528,0
2021-04-06,1,0.35916278,0
2021-04-07,1,0.4054284,0
2021-04-08,1,0.35093918,0
2021-04-09,0,0.39969534,0
2021-04-12,1,0.32902083,0
2021-04-13,0,0.47364548,0
2021-04-14,1,0.32805657,0
2021-04-15,0,0.3717666,0
2021-04-16,1,0.47818094,0
2021-04-19,0,0.36807206,0
2021-04-20,1,0.3854507,0
2021-04-21,0,0.3232667,0
2021-04-22,1,0.3788254,0
2021-04-23,1,0.4295256,0
2021-04-26,0,0.45787805,0
2021-04-27,0,0.51942015,1
2021-04-28,0,0.44884112,0
2021-04-29,0,0.46611312,0
2021-04-30,1,0.50079924,1
2021-05-03,0,0.5907395,1
2021-05-04,1,0.6008264,1
2021-05-05,1,0.57930297,1
2021-05-06,1,0.48844856,0
2021-05-07,0,0.5945612,1
2021-05-10,0,0.5213942,1
2021-05-11,0,0.6043478,1
2021-05-12,1,0.34650552,0
2021-05-13,1,0.29616407,0
2021-05-14,0,0.37008476,0
2021-05-17,0,0.4665847,0
2021-05-18,0,0.485622,0
2021-05-19,1,0.4256454,0
2021-05-20,0,0.43031824,0
2021-05-21,1,0.42082965,0
2021-05-24,0,0.4101825,0
2021-05-25,0,0.5464341,1
2021-05-26,0,0.55628914,1
2021-05-27,0,0.62652165,1
2021-05-28,0,0.593599,1
2021-06-01,1,0.6162093,1
2021-06-02,0,0.5930329,1
2021-06-03,1,0.57676387,1
2021-06-04,1,0.7147245,1
2021-06-07,1,0.66462404,1
2021-06-08,1,0.60948944,1
2021-06-09,0,0.5446364,1
2021-06-10,1,0.5935814,1
2021-06-11,1,0.50824463,1
2021-06-14,0,0.67288995,1
2021-06-15,1,0.51443106,1
2021-06-16,1,0.567861,1
2021-06-17,0,0.63353735,1
2021-06-18,1,0.58721656,1
2021-06-21,1,0.5451488,1
2021-06-22,0,0.57391125,1
2021-06-23,0,0.44643298,0
2021-06-24,0,0.44081393,0
2021-06-25,1,0.45429233,0
2021-06-28,1,0.3058656,0
2021-06-29,1,0.33264783,0
2021-06-30,1,0.42306033,0
2021-07-01,1,0.4475595,0
2021-07-02,1,0.32083058,0
2021-07-06,1,0.28382444,0
2021-07-07,0,0.3734096,0
2021-07-08,1,0.4340174,0
2021-07-09,0,0.54024106,1
2021-07-12,1,0.5244754,1
2021-07-13,1,0.60969394,1
2021-07-14,0,0.3885739,0
2021-07-15,0,0.52605695,1
2021-07-16,0,0.56718564,1
2021-07-19,1,0.6929955,1
2021-07-20,0,0.5141902,1
2021-07-21,1,0.44276622,0
2021-07-22,1,0.37705514,0
2021-07-23,1,0.40027556,0
2021-07-26,0,0.33879372,0
2021-07-27,0,0.55769545,1
2021-07-28,1,0.47334144,0
2021-07-29,1,0.6112836,1
2021-07-30,0,0.47329837,0
2021-08-02,1,0.6147198,1
2021-08-03,0,0.5185094,1
2021-08-04,1,0.5686084,1
2021-08-05,0,0.5814108,1
2021-08-06,0,0.60861933,1
2021-08-09,0,0.51974905,1
2021-08-10,1,0.6170647,1
2021-08-11,1,0.48014513,0
2021-08-12,1,0.6717219,1
2021-08-13,1,0.5911957,1
2021-08-16,0,0.66004205,1
2021-08-17,0,0.6595204,1
2021-08-18,1,0.74933517,1
2021-08-19,1,0.73907214,1
2021-08-20,1,0.54813063,1
2021-08-23,0,0.48801938,0
2021-08-24,0,0.5801509,1
2021-08-25,0,0.5557541,1
2021-08-26,1,0.5101609,1
2021-08-27,1,0.7175274,1
2021-08-30,0,0.67301595,1
2021-08-31,1,0.8005487,1
2021-09-01,1,0.71962404,1
2021-09-02,1,0.5201908,1
2021-09-03,1,0.43116653,0
2021-09-07,0,0.484918,0
2021-09-08,0,0.6425632,1
2021-09-09,0,0.54850936,1
2021-09-10,1,0.6072597,1
2021-09-13,0,0.6252886,1
2021-09-14,1,0.6504941,1
2021-09-15,0,0.455551,0
2021-09-16,0,0.5571033,1
2021-09-17,0,0.63455206,1
2021-09-20,1,0.70943826,1
2021-09-21,1,0.49991685,0
2021-09-22,1,0.43936262,0
2021-09-23,1,0.36754218,0
2021-09-24,0,0.38032594,0
2021-09-27,0,0.4513354,0
2021-09-28,1,0.53968513,1
2021-09-29,0,0.56172,1
2021-09-30,1,0.5233814,1
2021-10-01,0,0.5462097,1
2021-10-04,1,0.5917004,1
2021-10-05,1,0.42224568,0
2021-10-06,1,0.43064386,0
2021-10-07,0,0.41405264,0
2021-10-08,0,0.47562885,0
2021-10-11,0,0.41879985,0
2021-10-12,0,0.6500332,1
2021-10-13,1,0.68509907,1
2021-10-14,1,0.6445562,1
2021-10-15,1,0.57783884,1
2021-10-18,1,0.3565132,0
2021-10-19,1,0.44566438,0
2021-10-20,1,0.43591765,0
2021-10-21,0,0.37243676,0
2021-10-22,0,0.38143852,0
2021-10-25,1,0.35396117,0
2021-10-26,0,0.43696737,0
2021-10-27,1,0.46714273,0
2021-10-28,0,0.31922534,0
2021-10-29,0,0.38515607,0
2021-11-01,1,0.39494565,0
2021-11-02,1,0.37812498,0
2021-11-03,0,0.39566606,0
2021-11-04,1,0.3753747,0
2021-11-05,0,0.42006454,0
2021-11-08,1,0.318966,0
2021-11-09,0,0.44372928,0
2021-11-10,0,0.5701725,1
2021-11-11,1,0.5948664,1
2021-11-12,1,0.5075972,1
2021-11-15,1,0.6373433,1
2021-11-16,1,0.6252142,1
2021-11-17,1,0.52329624,1
2021-11-18,1,0.4958424,0
2021-11-19,1,0.24935253,0
2021-11-22,1,0.26556492,0
2021-11-23,1,0.17088464,0
2021-11-24,0,0.2784839,0
2021-11-26,1,0.34951794,0
2021-11-29,1,0.2714365,0
2021-11-30,0,0.24338906,0
2021-12-01,0,0.28532547,0
2021-12-02,0,0.30491862,0
2021-12-03,1,0.19185108,0
2021-12-06,1,0.16977389,0
2021-12-07,1,0.22635797,0
2021-12-08,0,0.21486901,0
2021-12-09,1,0.16838905,0
2021-12-10,0,0.2565097,0
2021-12-13,0,0.23098387,0
2021-12-14,1,0.2533576,0
2021-12-15,0,0.25871447,0
2021-12-16,0,0.32690752,0
2021-12-17,0,0.2378411,0
2021-12-20,1,0.35664552,0
2021-12-21,1,0.21285489,0
2021-12-22,1,0.20050131,0
2021-12-23,1,0.19625208,0
2021-12-27,0,0.2899332,0
2021-12-28,1,0.3356771,0
2021-12-29,0,0.14729719,0
2021-12-30,0,0.1710938,0
2021-12-31,1,0.18005782,0
2022-01-03,0,0.26217863,0
2022-01-04,0,0.28452533,0
2022-01-05,0,0.4687859,0
2022-01-06,1,0.42775548,0
2022-01-07,1,0.38929665,0
2022-01-10,1,0.451305,0
2022-01-11,1,0.50805056,1
2022-01-12,0,0.3801279,0
2022-01-13,1,0.404384,0
2022-01-14,0,0.5128446,1
2022-01-18,0,0.42146236,0
2022-01-19,0,0.46183428,0
2022-01-20,0,0.47147778,0
2022-01-21,0,0.5276856,1
2022-01-24,0,0.634529,1
2022-01-25,0,0.58341664,1
2022-01-26,0,0.5588765,1
2022-01-27,1,0.6629399,1
2022-01-28,1,0.35716814,0
2022-01-31,0,0.52805084,1
2022-02-01,1,0.4817418,0
2022-02-02,0,0.4505404,0
2022-02-03,0,0.49949458,0
2022-02-04,0,0.57349104,1
2022-02-07,1,0.79235405,1
2022-02-08,1,0.5655525,1
2022-02-09,0,0.4155103,0
2022-02-10,0,0.54269856,1
2022-02-11,1,0.68951434,1
2022-02-14,1,0.74234354,1
2022-02-15,0,0.6277899,1
2022-02-16,0,0.5549957,1
2022-02-17,0,0.47700933,0
2022-02-18,0,0.6124624,1
2022-02-22,0,0.60000026,1
2022-02-23,1,0.69933987,1
2022-02-24,1,0.617576,1
2022-02-25,1,0.4804473,0
2022-02-28,0,0.6406393,1
2022-03-01,1,0.45986575,0
2022-03-02,0,0.65395397,1
2022-03-03,0,0.44929802,0
2022-03-04,0,0.68135834,1
2022-03-07,0,0.6723825,1
2022-03-08,1,0.58386135,1
2022-03-09,0,0.596359,1
2022-03-10,0,0.55357116,1
2022-03-11,0,0.5908861,1
2022-03-14,1,0.7316239,1
2022-03-15,1,0.4767844,0
2022-03-16,1,0.57607085,1
2022-03-17,1,0.544685,1
2022-03-18,1,0.50566566,1
2022-03-21,1,0.6712839,1
2022-03-22,1,0.529299,1
2022-03-23,1,0.710985,1
2022-03-24,1,0.34183735,0
2022-03-25,1,0.29414427,0
2022-03-28,1,0.20134126,0
2022-03-29,0,0.25028238,0
2022-03-30,0,0.27716747,0
2022-03-31,0,0.3542121,0
2022-04-01,1,0.71959335,1
2022-04-04,0,0.5488756,1
2022-04-05,0,0.66221035,1
2022-04-06,1,0.7034855,1
2022-04-07,0,0.62742543,1
2022-04-08,0,0.50400364,1
2022-04-11,1,0.4023349,0
2022-04-12,1,0.35045215,0
2022-04-13,0,0.5094496,1
2022-04-14,0,0.4819772,0
2022-04-18,1,0.39365792,0
2022-04-19,0,0.41282377,0
2022-04-20,0,0.3800553,0
2022-04-21,0,0.32977897,0
2022-04-22,1,0.51642376,1
2022-04-25,0,0.40431243,0
2022-04-26,0,0.46361116,0
2022-04-27,1,0.5553046,1
2022-04-28,0,0.51922613,1
2022-04-29,1,0.58719796,1
2022-05-02,1,0.6352191,1
2022-05-03,1,0.5091895,1
2022-05-04,0,0.35746613,0
2022-05-05,1,0.55426586,1
2022-05-06,0,0.6721238,1
2022-05-09,1,0.52555954,1
2022-05-10,0,0.5228226,1
2022-05-11,0,0.63648945,1
2022-05-12,1,0.6607283,1
2022-05-13,0,0.4888024,0
2022-05-16,1,0.5743929,1
2022-05-17,0,0.4815564,0
2022-05-18,0,0.6131102,1
2022-05-19,1,0.5549488,1
2022-05-20,1,0.58268934,1
2022-05-23,0,0.6334725,1
2022-05-24,1,0.42854294,0
2022-05-25,1,0.6021115,1
2022-05-26,1,0.4887744,0
2022-05-27,0,0.49838257,0
2022-05-31,0,0.47723296,0
2022-06-01,1,0.62301457,1
2022-06-02,0,0.66816694,1
2022-06-03,1,0.5953492,1
2022-06-06,1,0.6135222,1
2022-06-07,0,0.5771064,1
2022-06-08,0,0.540066,1
2022-06-09,0,0.55871254,1
2022-06-10,0,0.53018737,1
2022-06-13,1,0.5636073,1
2022-06-14,1,0.63950366,1
2022-06-15,0,0.6568726,1
2022-06-16,1,0.46840683,0
2022-06-17,1,0.5927638,1
2022-06-21,0,0.45365334,0
2022-06-22,1,0.39857283,0
2022-06-23,1,0.5268095,1
2022-06-24,0,0.71092296,1
2022-06-27,0,0.55512726,1
2022-06-28,1,0.39231887,0
2022-06-29,0,0.52069706,1
2022-06-30,1,0.48684794,0
2022-07-01,1,0.7036019,1
2022-07-05,1,0.62978566,1
2022-07-06,1,0.6602057,1
2022-07-07,1,0.6089308,1
2022-07-08,0,0.59136856,1
2022-07-11,1,0.4653358,0
2022-07-12,0,0.37547436,0
2022-07-13,1,0.31113777,0
2022-07-14,1,0.31127372,0
2022-07-15,0,0.32520342,0
2022-07-18,1,0.37122524,0
2022-07-19,1,0.27893975,0
2022-07-20,1,0.32715458,0
2022-07-21,0,0.29477745,0
2022-07-22,0,0.2980842,0
2022-07-25,0,0.42620805,0
2022-07-26,1,0.3596458,0
2022-07-27,1,0.37735382,0
2022-07-28,1,0.444519,0
2022-07-29,0,0.26654965,0
2022-08-01,0,0.42149875,0
2022-08-02,1,0.4150986,0
2022-08-03,0,0.2611882,0
2022-08-04,0,0.56230485,1
2022-08-05,0,0.32202545,0
2022-08-08,1,0.34950924,0
2022-08-09,1,0.34129786,0
2022-08-10,0,0.3938299,0
2022-08-11,1,0.37671855,0
2022-08-12,1,0.40471223,0
2022-08-15,0,0.47675213,0
2022-08-16,1,0.40615645,0
2022-08-17,0,0.5050194,1
2022-08-18,0,0.50282544,1
2022-08-19,0,0.305451,0
2022-08-22,0,0.2705959,0
2022-08-23,1,0.4165336,0
2022-08-24,1,0.33374217,0
2022-08-25,0,0.26252708,0
2022-08-26,0,0.5820574,1
2022-08-29,0,0.6097691,1
2022-08-30,0,0.41830215,0
2022-08-31,1,0.42470476,0
2022-09-01,0,0.51809984,1
2022-09-02,0,0.58655727,1
2022-09-06,1,0.5884639,1
2022-09-07,0,0.4636328,0
2022-09-08,1,0.73928773,1
2022-09-09,1,0.42458734,0
2022-09-12,0,0.35693866,0
2022-09-13,1,0.5970922,1
2022-09-14,0,0.6002095,1
2022-09-15,0,0.5796427,1
2022-09-16,1,0.7707472,1
2022-09-19,1,0.3589949,0
2022-09-20,0,0.6026362,1
2022-09-21,0,0.57825875,1
2022-09-22,0,0.6309231,1
2022-09-23,1,0.6405898,1
2022-09-26,1,0.53113294,1
2022-09-27,0,0.52884144,1
2022-09-28,0,0.63900334,1
2022-09-29,0,0.68523943,1
2022-09-30,1,0.75059664,1
2022-10-03,1,0.46847662,0
2022-10-04,1,0.35822114,0
2022-10-05,0,0.6007299,1
2022-10-06,0,0.60776496,1
2022-10-07,1,0.6791774,1
2022-10-10,0,0.74587446,1
2022-10-11,0,0.88118166,1
2022-10-12,1,0.77311486,1
2022-10-13,0,0.4493446,0
2022-10-14,1,0.63819134,1
2022-10-17,1,0.496611,0
2022-10-18,1,0.5511814,1
2022-10-19,0,0.50181895,1
2022-10-20,1,0.37698323,0
2022-10-21,1,0.54275066,1
2022-10-24,1,0.82053024,1
2022-10-25,0,0.61128026,1
2022-10-26,0,0.5350601,1
2022-10-27,1,0.6205372,1
2022-10-28,0,0.3731268,0
2022-10-31,0,0.73517174,1
2022-11-01,0,0.60399646,1
2022-11-02,0,0.5160497,1
2022-11-03,0,0.6184993,1
2022-11-04,1,0.6468883,1
2022-11-07,1,0.5983591,1
2022-11-08,0,0.71518916,1
2022-11-09,1,0.7392578,1
2022-11-10,1,0.30755535,0
2022-11-11,0,0.66586167,1
2022-11-14,1,0.62426394,1
2022-11-15,0,0.56394494,1
2022-11-16,1,0.55562216,1
2022-11-17,1,0.45792523,0
2022-11-18,0,0.5009667,1
2022-11-21,1,0.36986384,0
2022-11-22,1,0.6230404,1
2022-11-23,0,0.5074975,1
2022-11-25,0,0.63290066,1
2022-11-28,0,0.6680257,1
2022-11-29,1,0.5893444,1
2022-11-30,1,0.29147327,0
2022-12-01,0,0.38100743,0
2022-12-02,0,0.38442138,0
2022-12-05,0,0.49975228,0
2022-12-06,0,0.31518748,0
2022-12-07,1,0.5672655,1
2022-12-08,0,0.590469,1
2022-12-09,1,0.52875507,1
2022-12-12,1,0.46560946,0
2022-12-13,0,0.22077255,0
2022-12-14,0,0.4331198,0
2022-12-15,0,0.49896634,0
2022-12-16,0,0.76161766,1
2022-12-19,0,0.7774431,1
2022-12-20,1,0.7911779,1
2022-12-21,0,0.65255475,1
2022-12-22,0,0.79351985,1
2022-12-23,0,0.7620816,1
2022-12-27,0,0.75018555,1
2022-12-28,1,0.7657703,1
2022-12-29,1,0.7457211,1
2022-12-30,0,0.71615285,1
2023-01-03,1,0.7046104,1
2023-01-04,0,0.6841049,1
2023-01-05,1,0.6941629,1
2023-01-06,1,0.43596363,0
2023-01-09,1,0.5771871,1
2023-01-10,1,0.43211043,0
2023-01-11,0,0.418471,0
2023-01-12,1,0.5211352,1
2023-01-13,1,0.50955194,1
2023-01-17,0,0.6546725,1
2023-01-18,1,0.6407942,1
2023-01-19,1,0.6156442,1
2023-01-20,1,0.6105027,1
2023-01-23,1,0.57094336,1
2023-01-24,0,0.49702787,0
2023-01-25,1,0.46030483,0
2023-01-26,1,0.5704806,1
2023-01-27,0,0.5038801,1
2023-01-30,1,0.50600237,1
2023-01-31,1,0.54219764,1
2023-02-01,1,0.7227112,1
2023-02-02,1,0.32015455,0
2023-02-03,0,0.29771516,0
2023-02-06,1,0.6036333,1
2023-02-07,0,0.38747102,0
2023-02-08,0,0.52979296,1
2023-02-09,1,0.5695477,1
2023-02-10,1,0.5481809,1
2023-02-13,0,0.5641251,1
2023-02-14,1,0.63635486,1
2023-02-15,0,0.55979407,1
2023-02-16,0,0.6273947,1
2023-02-17,0,0.521868,1
2023-02-21,1,0.43741187,0
2023-02-22,1,0.44887778,0
2023-02-23,0,0.47032008,0
2023-02-24,1,0.541476,1
2023-02-27,0,0.42327484,0
2023-02-28,0,0.46984905,0
2023-03-01,1,0.4647295,0
2023-03-02,1,0.58747506,1
2023-03-03,1,0.5694063,1
2023-03-06,0,0.45687416,0
2023-03-07,1,0.4163041,0
2023-03-08,0,0.5005811,1
2023-03-09,0,0.28877404,0
2023-03-10,1,0.3427284,0
2023-03-13,1,0.6228464,1
2023-03-14,1,0.4611069,0
2023-03-15,1,0.45314687,0
2023-03-16,0,0.646666,1
2023-03-17,1,0.47437078,0
2023-03-20,1,0.44375458,0
2023-03-21,0,0.3650821,0
2023-03-22,1,0.4027689,0
2023-03-23,1,0.42838988,0
2023-03-24,0,0.48159352,0
2023-03-27,0,0.41167948,0
2023-03-28,1,0.62594664,1
2023-03-29,1,0.44436356,0
2023-03-30,1,0.33548266,0
2023-03-31,1,0.43073052,0
2023-04-03,0,0.40446547,0
2023-04-04,0,0.40879363,0
2023-04-05,1,0.4280998,0
2023-04-06,0,0.545402,1
2023-04-10,0,0.47559848,0
2023-04-11,0,0.5014828,1
2023-04-12,1,0.51051295,1
2023-04-13,0,0.6152099,1
2023-04-14,1,0.50292253,1
2023-04-17,1,0.45701712,0
2023-04-18,1,0.47290796,0
2023-04-19,0,0.43663746,0
2023-04-20,0,0.47820222,0
2023-04-21,1,0.5172948,1
2023-04-24,0,0.5360172,1
2023-04-25,0,0.42053777,0
2023-04-26,1,0.48188174,0
2023-04-27,1,0.6543894,1
2023-04-28,0,0.6458097,1
2023-05-01,0,0.46887192,0
2023-05-02,0,0.5049785,1
2023-05-03,0,0.40209413,0
2023-05-04,1,0.40331623,0
2023-05-05,0,0.39366466,0
2023-05-08,0,0.50078076,1
2023-05-09,1,0.4177604,0
2023-05-10,1,0.42363563,0
2023-05-11,0,0.49769562,0
2023-05-12,0,0.5768017,1
2023-05-15,0,0.5386868,1
2023-05-16,1,0.4485447,0
2023-05-17,1,0.36909825,0
2023-05-18,1,0.46112505,0
2023-05-19,0,0.49901283,0
2023-05-22,0,0.41736147,0
2023-05-23,1,0.43327582,0
2023-05-24,1,0.41323525,0
2023-05-25,1,0.5209817,1
2023-05-26,1,0.53447276,1
2023-05-30,0,0.42099804,0
2023-05-31,1,0.3815598,0
2023-06-01,1,0.48249778,0
2023-06-02,0,0.4871084,0
2023-06-05,0,0.4365347,0
2023-06-06,0,0.60890007,1
2023-06-07,1,0.3542315,0
2023-06-08,1,0.40682727,0
2023-06-09,1,0.37843397,0
2023-06-12,0,0.39946583,0
2023-06-13,1,0.46845815,0
2023-06-14,1,0.3819481,0
2023-06-15,0,0.4024518,0
2023-06-16,1,0.36067215,0
2023-06-20,0,0.45195794,0
2023-06-21,1,0.4494389,0
2023-06-22,0,0.3616449,0
2023-06-23,0,0.31159374,0
2023-06-26,1,0.4125917,0
2023-06-27,1,0.38705295,0
2023-06-28,1,0.37468275,0
2023-06-29,1,0.44461933,0
2023-06-30,0,0.42481858,0
2023-07-03,0,0.48057508,0
2023-07-05,1,0.436437,0
2023-07-06,0,0.324435,0
2023-07-07,0,0.5043838,1
2023-07-10,0,0.52026576,1
2023-07-11,1,0.50134224,1
2023-07-12,1,0.5860455,1
2023-07-13,1,0.49070916,0
2023-07-14,1,0.56638724,1
2023-07-17,0,0.5816744,1
2023-07-18,1,0.5230067,1
2023-07-19,0,0.57730186,1
2023-07-20,0,0.40532634,0
2023-07-21,1,0.4787276,0
2023-07-24,1,0.55773413,1
2023-07-25,1,0.62865096,1
2023-07-26,0,0.6080994,1
2023-07-27,1,0.5018816,1
2023-07-28,1,0.55621994,1
2023-07-31,0,0.39831924,0
2023-08-01,0,0.42093506,0
2023-08-02,0,0.6106377,1
2023-08-03,0,0.7906462,1
2023-08-04,0,0.5001867,1
2023-08-07,1,0.3716592,0
2023-08-08,0,0.40693623,0
2023-08-09,0,0.59552854,1
2023-08-10,1,0.5675601,1
2023-08-11,1,0.5671604,1
2023-08-14,0,0.43522146,0
2023-08-15,0,0.5502031,1
2023-08-16,0,0.5475614,1
2023-08-17,1,0.5569786,1
2023-08-18,1,0.49434012,0
2023-08-21,1,0.4212759,0
2023-08-22,1,0.4731652,0
2023-08-23,0,0.39867717,0
2023-08-24,1,0.5559183,1
2023-08-25,1,0.51962227,1
2023-08-28,1,0.32604477,0
2023-08-29,1,0.41878322,0
2023-08-30,1,0.37575698,0
2023-08-31,1,0.44117317,0
2023-09-01,1,0.3337119,0
2023-09-05,0,0.20751114,0
2023-09-06,0,0.49288338,0
2023-09-07,1,0.4943315,0
2023-09-08,1,0.45065328,0
2023-09-11,0,0.491448,0
2023-09-12,0,0.4236347,0
2023-09-13,1,0.4002793,0
2023-09-14,0,0.3553748,0
2023-09-15,1,0.41979197,0
2023-09-18,1,0.44593784,0
2023-09-19,0,0.3127631,0
2023-09-20,0,0.33044985,0
2023-09-21,1,0.39137426,0
2023-09-22,1,0.30252022,0
2023-09-25,0,0.24462105,0
2023-09-26,0,0.42106894,0
2023-09-27,1,0.4767232,0
2023-09-28,1,0.34687468,0
2023-09-29,1,0.3310248,0
2023-10-02,0,0.38350248,0
2023-10-03,1,0.4004553,0
2023-10-04,1,0.600266,1
2023-10-05,1,0.5219851,1
2023-10-06,1,0.634727,1
2023-10-09,0,0.47021863,0
2023-10-10,1,0.5444229,1
2023-10-11,1,0.6319799,1
2023-10-12,0,0.6709147,1
2023-10-13,0,0.487397,0
2023-10-16,0,0.7070724,1
2023-10-17,0,0.6761374,1
2023-10-18,0,0.729523,1
2023-10-19,0,0.743206,1
2023-10-20,1,0.4341871,0
2023-10-23,1,0.6454406,1
2023-10-24,0,0.5560938,1
2023-10-25,0,0.65921676,1
2023-10-26,1,0.370037,0
2023-10-27,1,0.6008587,1
2023-10-30,1,0.488498,0
2023-10-31,1,0.39305723,0
2023-11-01,1,0.53680825,1
2023-11-02,0,0.5408368,1
2023-11-03,1,0.5867369,1
2023-11-06,1,0.6091173,1
2023-11-07,1,0.63495773,1
2023-11-08,0,0.4431559,0
2023-11-09,1,0.26724356,0
2023-11-10,0,0.22074635,0
2023-11-13,1,0.3344269,0
2023-11-14,1,0.34368217,0
2023-11-15,1,0.5832417,1
2023-11-16,0,0.48593014,0
2023-11-17,1,0.5371834,1
2023-11-20,0,0.31821015,0
2023-11-21,1,0.38745397,0
2023-11-22,0,0.42058575,0
2023-11-24,0,0.50972545,1
2023-11-27,1,0.46034828,0
2023-11-28,0,0.5145443,1
2023-11-29,1,0.3554177,0
2023-11-30,1,0.4940292,0
2023-12-01,0,0.3981175,0
2023-12-04,1,0.5167993,1
2023-12-05,0,0.48052028,0
2023-12-06,1,0.4200859,0
2023-12-07,1,0.6259376,1
2023-12-08,0,0.4876595,0
2023-12-11,1,0.5493923,1
2023-12-12,1,0.4877448,0
2023-12-13,1,0.40706056,0
2023-12-14,0,0.33416733,0
2023-12-15,0,0.29566887,0
2023-12-18,1,0.41897207,0
2023-12-19,0,0.4937389,0
2023-12-20,0,0.50722677,1
2023-12-21,0,0.6804865,1
2023-12-22,0,0.54962784,1
2023-12-26,1,0.6081502,1
2023-12-27,1,0.5041871,1
2023-12-28,0,0.47515056,0
2023-12-29,0,0.46252847,0
2024-01-02,0,0.3486611,0
2024-01-03,0,0.5428095,1
2024-01-04,0,0.45823509,0
2024-01-05,1,0.46432155,0
2024-01-08,0,0.30352876,0
2024-01-09,1,0.36539805,0
2024-01-10,0,0.14115962,0
2024-01-11,1,0.51166713,1
2024-01-12,0,0.281708,0
2024-01-16,0,0.4286004,0
2024-01-17,1,0.5068355,1
2024-01-18,1,0.18999091,0
2024-01-19,1,0.45057622,0
2024-01-22,1,0.45569512,0
2024-01-23,0,0.5493008,1
2024-01-24,0,0.41144273,0
2024-01-25,0,0.5715426,1
2024-01-26,0,0.3634595,0
2024-01-29,0,0.5804301,1
2024-01-30,0,0.3236143,0
2024-01-31,1,0.46140984,0
2024-02-01,0,0.5462229,1
2024-02-02,1,0.49639848,0
2024-02-05,1,0.5958918,1
2024-02-06,1,0.21578906,0
2024-02-07,0,0.26470783,0
2024-02-08,1,0.31034273,0
2024-02-09,0,0.3039687,0
2024-02-12,0,0.35740358,0
2024-02-13,0,0.29446054,0
2024-02-14,0,0.4149464,0
2024-02-15,0,0.60979587,1
2024-02-16,0,0.58005124,1
2024-02-20,1,0.5606045,1
2024-02-21,1,0.515257,1
2024-02-22,0,0.43338925,0
2024-02-23,0,0.4701753,0
2024-02-26,1,0.26313308,0
2024-02-27,0,0.58036834,1
2024-02-28,0,0.44066536,0
2024-02-29,0,0.55009323,1
2024-03-01,0,0.42221558,0
2024-03-04,0,0.55336124,1
2024-03-05,0,0.6689791,1
2024-03-06,0,0.5765857,1
2024-03-07,1,0.6641046,1
2024-03-08,1,0.5311271,1
2024-03-11,1,0.65699726,1
2024-03-12,0,0.63196874,1
2024-03-13,1,0.5948061,1
2024-03-14,0,0.6770239,1
2024-03-15,1,0.5864805,1
2024-03-18,1,0.5249743,1
2024-03-19,1,0.42595467,0
2024-03-20,0,0.4982577,0
2024-03-21,1,0.485755,0
2024-03-22,0,0.5760973,1
2024-03-25,0,0.5053888,1
2024-03-26,1,0.57033056,1
2024-03-27,0,0.42344296,0
2024-03-28,0,0.76896095,1
2024-04-01,0,0.44526637,0
2024-04-02,1,0.48546353,0
2024-04-03,0,0.64012915,1
2024-04-04,1,0.65371835,1
2024-04-05,0,0.579268,1
2024-04-08,1,0.42475668,0
2024-04-09,0,0.7539931,1
2024-04-10,1,0.5611437,1
2024-04-11,1,0.56170875,1
2024-04-12,0,0.63342184,1
2024-04-15,0,0.47385776,0
2024-04-16,0,0.39349395,0
2024-04-17,0,0.2744056,0
2024-04-18,0,0.51012343,1
2024-04-19,1,0.49390087,0
2024-04-22,1,0.33000255,0
2024-04-23,1,0.47881976,0
2024-04-24,1,0.53745186,1
2024-04-25,0,0.4717322,0
2024-04-26,1,0.46006632,0
2024-04-29,0,0.5123732,1
2024-04-30,0,0.50472283,1
2024-05-01,1,0.49079654,0
2024-05-02,1,0.482321,0
2024-05-03,0,0.3348368,0
2024-05-06,1,0.58960986,1
2024-05-07,1,0.51013553,1
2024-05-08,1,0.4894297,0
2024-05-09,0,0.48334995,0
2024-05-10,1,0.4504623,0
2024-05-13,1,0.5593266,1
2024-05-14,1,0.5304239,1
2024-05-15,1,0.36516595,0
2024-05-16,1,0.624226,1
2024-05-17,1,0.37723452,0
2024-05-20,1,0.26592743,0
2024-05-21,0,0.29401466,0
2024-05-22,0,0.38649827,0
2024-05-23,1,0.45583412,0
2024-05-24,1,0.47819316,0
2024-05-28,1,0.5065139,1
2024-05-29,1,0.56194913,1
2024-05-30,1,0.5740888,1
2024-05-31,1,0.47997218,0
2024-06-03,1,0.5266463,1
2024-06-04,1,0.40527853,0
2024-06-05,0,0.45471817,0
2024-06-06,1,0.3607577,0
2024-06-07,0,0.46658388,0
2024-06-10,1,0.32476732,0
2024-06-11,1,0.26519746,0
2024-06-12,1,0.24261832,0
2024-06-13,0,0.4541423,0
2024-06-14,1,0.37515518,0
2024-06-17,0,0.16122268,0
2024-06-18,0,0.31529003,0
2024-06-20,0,0.25650856,0
2024-06-21,1,0.1873691,0
2024-06-24,1,0.38403744,0
2024-06-25,1,0.39111996,0
2024-06-26,1,0.30908766,0
2024-06-27,0,0.31423467,0
2024-06-28,1,0.44591352,0
2024-07-01,1,0.26817197,0
2024-07-02,1,0.29375115,0
2024-07-03,1,0.26154178,0
2024-07-05,1,0.29193753,0
2024-07-08,1,0.25216413,0
2024-07-09,1,0.24913247,0
2024-07-10,0,0.21809141,0
2024-07-11,1,0.23458745,0
2024-07-12,1,0.545087,1
2024-07-15,1,0.51288444,1
2024-07-16,0,0.61638975,1
2024-07-17,0,0.62911206,1
2024-07-18,1,0.5143418,1
2024-07-19,0,0.6129824,1
2024-07-22,1,0.561926,1
2024-07-23,0,0.64172345,1
2024-07-24,0,0.4697373,0
2024-07-25,1,0.40857393,0
2024-07-26,1,0.3661,0
2024-07-29,1,0.4369815,0
2024-07-30,1,0.34784538,0
2024-07-31,0,0.41425475,0
2024-08-01,1,0.27972394,0
2024-08-02,0,0.46470863,0
2024-08-05,0,0.45417944,0
2024-08-06,1,0.46970677,0
2024-08-07,1,0.45343274,0
2024-08-08,1,0.5645285,1
2024-08-09,1,0.5096441,1
2024-08-12,1,0.46652144,0
2024-08-13,1,0.33032876,0
2024-08-14,1,0.44053298,0
2024-08-15,1,0.351728,0
2024-08-16,0,0.3849099,0
2024-08-19,1,0.52846843,1
2024-08-20,0,0.50217295,1
2024-08-21,0,0.51306456,1
2024-08-22,1,0.35182756,0
2024-08-23,1,0.50048065,1
2024-08-26,1,0.37248242,0
2024-08-27,0,0.30959502,0
2024-08-28,1,0.2769291,0
2024-08-29,0,0.39187068,0
2024-08-30,0,0.49521884,0
2024-09-03,0,0.3302038,0
2024-09-04,1,0.40640047,0
2024-09-05,0,0.42471433,0
2024-09-06,1,0.21394812,0
2024-09-09,0,0.33760485,0
2024-09-10,1,0.4772966,0
2024-09-11,1,0.4436356,0
2024-09-12,0,0.36510843,0
2024-09-13,0,0.31205934,0
2024-09-16,1,0.23230965,0
2024-09-17,1,0.43642423,0
2024-09-18,1,0.4315528,0
2024-09-19,0,0.4674984,0
2024-09-20,0,0.3933237,0
2024-09-23,1,0.37810647,0
2024-09-24,0,0.43412524,0
2024-09-25,1,0.3819069,0
2024-09-26,1,0.5258383,1
2024-09-27,1,0.4487954,0
2024-09-30,0,0.50178564,1
2024-10-01,1,0.31686592,0
2024-10-02,0,0.5433263,1
2024-10-03,1,0.2805975,0
2024-10-04,0,0.2988363,0
2024-10-07,1,0.2370515,0
2024-10-08,1,0.5301043,1
2024-10-09,0,0.5392868,1
2024-10-10,0,0.3953039,0
2024-10-11,1,0.528632,1
2024-10-14,1,0.37581038,0
2024-10-15,0,0.3389497,0
2024-10-16,1,0.467165,0
2024-10-17,1,0.3852927,0
2024-10-18,1,0.38653857,0
2024-10-21,0,0.40027985,0
2024-10-22,0,0.44739833,0
2024-10-23,0,0.51550686,1
2024-10-24,1,0.49708715,0
2024-10-25,1,0.4831454,0
2024-10-28,1,0.5458639,1
2024-10-29,0,0.54766995,1
2024-10-30,0,0.5402834,1
2024-10-31,0,0.4710602,0
2024-11-01,0,0.6634322,1
2024-11-04,1,0.632477,1
2024-11-05,0,0.69214803,1
2024-11-06,1,0.6070249,1
2024-11-07,0,0.64263713,1
2024-11-08,0,0.5506143,1
2024-11-11,0,0.5464961,1
2024-11-12,1,0.5910828,1
2024-11-13,1,0.5430074,1
2024-11-14,0,0.6331315,1
2024-11-15,1,0.5529374,1
2024-11-18,1,0.69417375,1
2024-11-19,1,0.5833304,1
2024-11-20,0,0.4095637,0
2024-11-21,1,0.54021794,1
2024-11-22,1,0.50556046,1
2024-11-25,1,0.3790558,0
2024-11-26,0,0.539364,1
2024-11-27,1,0.4747971,0
2024-11-29,1,0.45659113,0
2024-12-02,1,0.3672703,0
2024-12-03,1,0.47525537,0
2024-12-04,1,0.3223624,0
2024-12-05,0,0.44734916,0
2024-12-06,1,0.3601782,0
2024-12-09,1,0.3461791,0
2024-12-10,0,0.47057673,0
2024-12-11,1,0.3491994,0
2024-12-12,1,0.35074288,0
2024-12-13,1,0.30497575,0
2024-12-16,1,0.3629289,0
2024-12-17,0,0.3244806,0
2024-12-18,1,0.6359566,1
2024-12-19,1,0.52065057,1
2024-12-20,1,0.47894326,0
2024-12-23,1,0.48719883,0
2024-12-24,1,0.44190955,0
2024-12-26,0,0.3439061,0
2024-12-27,0,0.50345576,1
2024-12-30,0,0.3987302,0
2024-12-31,0,0.5374386,1
2025-01-02,0,0.46240696,0
2025-01-03,1,0.6369357,1
2025-01-06,0,0.54324204,1
2025-01-07,1,0.6556246,1
2025-01-08,0,0.6036792,1
2025-01-10,0,0.45897064,0
